dataset,model,Recall@10,Recall@20,Precision@10,Precision@20,NDCG@10,NDCG@20,F1@10,F1@20,MRR@10,MRR@20,HitRatio@10,HitRatio@20,val_Recall@10,val_Recall@20,val_Precision@10,val_Precision@20,val_NDCG@10,val_NDCG@20,val_F1@10,val_F1@20,val_MRR@10,val_MRR@20,val_HitRatio@10,val_HitRatio@20,infer_total_s,infer_ms_per_user,train_seconds,best_val_NDCG@10,device,is_real_data,seed,git_commit,epochs,edge_mode
amazon_video_games,LightGCN,0.005649255486993781,0.008774151121445622,0.001447458399817643,0.001099840437656713,0.0038565850010409365,0.004826759914526925,0.0023044644148783734,0.001954663653845418,0.005488483289372279,0.005938062672761518,0.013790745384089354,0.02005926601322088,0.013927150846000214,0.019960666697508584,0.004261678104936905,0.003116006198804516,0.010467654962922505,0.012391683105194123,0.006526317223022172,0.005390513740102002,0.01665296182674974,0.01774369101844477,0.03769094531768873,0.053187956608368385,0.018990563927218318,0.002164413486120164,100.95696146698901,0.010467654962922505,cuda,True,42,2db0798d04a2508ffb923b18aefef52ecf111f01,50,binary
amazon_video_games,NGCF,0.0037249295133375666,0.006550500124560764,0.0009003875085479827,0.0007864144062001368,0.002473592677237159,0.0033451934116555944,0.0014502270820189636,0.0014042436079015168,0.0033309543709589295,0.0037273113351129527,0.00888990198313198,0.01447458399817643,0.011355525458954276,0.01796343176481636,0.0032045605490369712,0.002604051361523135,0.00796932198257118,0.010065510500600429,0.0049985238932486525,0.004548704249076805,0.011522805380730994,0.012639918681035025,0.02905689617002435,0.04555014390081913,0.03048882505390793,0.0034749059783346172,169.15527808503248,0.00796932198257118,cuda,True,42,2db0798d04a2508ffb923b18aefef52ecf111f01,50,binary
amazon_video_games,Sheaf4Rec-official,0.004737435128812763,0.007002666551513023,0.0011625256439480281,0.0008718942329610213,0.0027549944043826365,0.0034399712075099385,0.0018669242172632188,0.0015507111440809203,0.0034935017240693097,0.0038418050737334566,0.01139731023478459,0.0166400729427855,0.010691488782428234,0.015238105319307358,0.003088332964356874,0.0022166260792561435,0.007093393071279002,0.00853463354631653,0.00479235186805349,0.0038702608339201672,0.010314583179593141,0.011085455551973851,0.029499667921186627,0.04067965463803409,0.09915805701166391,0.011301351380403911,422.96722023701295,0.007093393071279002,cuda,True,42,2db0798d04a2508ffb923b18aefef52ecf111f01,50,binary
amazon_video_games,NCL,0.009274878925503625,0.013682395686280015,0.0031912468657396852,0.0021711875997264644,0.0070272831418419415,0.008343717068141554,0.004748616979610392,0.0037476761326032367,0.0114392812819984,0.012073171126905036,0.028037383177570093,0.037497150672441304,0.020389702979240632,0.02928773990114569,0.007294664600398495,0.005141686960371928,0.01565984207686691,0.018561662953144903,0.010745128571742882,0.008747655948743122,0.026051868426508674,0.027527976801890675,0.06148992694266106,0.08285366393624087,0.0178315358934924,0.0020323154654082977,72.87411487597274,0.01565984207686691,cuda,True,42,2db0798d04a2508ffb923b18aefef52ecf111f01,50,binary
amazon_video_games,DirectAU,0.004712309906581117,0.007956979089532985,0.0012423068155915204,0.001002963300661044,0.0031756152201948325,0.004123988519677766,0.0019662507218396377,0.0017813860097277009,0.004752497458218909,0.005208158136927241,0.011625256439480283,0.01834966947800319,0.012128370709219922,0.01896602094706659,0.0038797874695594417,0.0030163825547930042,0.009319213220424605,0.011483578423891548,0.005878939997754474,0.00520496084185979,0.014846580466737652,0.01605815025458935,0.035145007748505645,0.052800531326101394,0.017714488902129233,0.0020189752566821557,228.38663489196915,0.009319213220424605,cuda,True,42,2db0798d04a2508ffb923b18aefef52ecf111f01,50,binary
amazon_video_games,LightGCN,0.005495654821102477,0.008497773722469154,0.0015158422612263508,0.0011397310234784591,0.0038340169471286784,0.004768003274398884,0.002376253097768539,0.0020098929333488644,0.005888474605707339,0.006337196705763842,0.014360610895828584,0.020857077729655803,0.014124047742329914,0.02043352698659104,0.004394509630285588,0.0031934912552579148,0.010410770646908015,0.012412734266943733,0.006703358428347801,0.005523700796927015,0.016437352189787435,0.017533992200958103,0.03918529997786141,0.05468231126854107,0.01911125797778368,0.002178169361498026,82.20897509902716,0.010410770646908015,cuda,True,43,2db0798d04a2508ffb923b18aefef52ecf111f01,50,binary
amazon_video_games,NGCF,0.0038538280927047763,0.006838501814934435,0.0008206063369044905,0.0007693184408479599,0.0025275144276456028,0.0034194398737983954,0.0013530944980988577,0.001383046753766992,0.003359538101389025,0.00376623535897065,0.007864144062001368,0.014018691588785047,0.011293772998040968,0.018006821766964838,0.0032322337834846137,0.0025846800974097853,0.007974406873204967,0.010076820803076229,0.005026035740765435,0.004520493371025206,0.011754140442982597,0.012870559865872036,0.02938897498339606,0.04582687624529555,0.030140425893478096,0.003435197845165044,170.36428576498292,0.007974406873204967,cuda,True,43,2db0798d04a2508ffb923b18aefef52ecf111f01,50,binary
amazon_video_games,Sheaf4Rec-official,0.004107175238376736,0.006424430963428221,0.0010485525416001824,0.0007921130613175291,0.0028705107226978037,0.0035502988734548643,0.0016706037319202843,0.0014103359337140717,0.003909277410531114,0.0042552514079616036,0.010143606108958286,0.015386368816959197,0.010379231533986002,0.014544671766315399,0.002949966792118663,0.0021170024352446313,0.007773684167341925,0.009095295731835651,0.004594183026447248,0.003696039806880939,0.012582844000267069,0.013327601849898679,0.027894620323223377,0.03879787469559442,0.09890397015260532,0.011272392312811184,461.2780002010404,0.007773684167341925,cuda,True,43,2db0798d04a2508ffb923b18aefef52ecf111f01,50,binary
amazon_video_games,NCL,0.008292196607663463,0.011987785146404018,0.00250740825165261,0.0017779803966263962,0.005364730795875133,0.0065526451486982535,0.003850496841177553,0.0030966744163482725,0.007626835781041389,0.008242200629176714,0.023478459083656256,0.03225438796444039,0.018336198273273627,0.027271299546788624,0.0061434580473765776,0.004519039185299978,0.013928516853463545,0.016840878968791242,0.009203369799371705,0.007753303437537456,0.02309996890055557,0.024618294034445765,0.053520035421740095,0.07543723710427275,0.01745040202513337,0.001988876456021583,73.10535217600409,0.013928516853463545,cuda,True,43,2db0798d04a2508ffb923b18aefef52ecf111f01,50,binary
amazon_video_games,DirectAU,0.004966516292593338,0.007452093071333989,0.0012651014360610896,0.0009630727148392978,0.003374870775257219,0.004151956118965373,0.002016537973787853,0.0017057079296612107,0.004641690275380724,0.0050224574000007115,0.012309095053567358,0.017893777068611807,0.012470423212683638,0.0187462823779816,0.0037746291786584017,0.00283650653088333,0.009187371997458725,0.011153931824160752,0.005795145770524173,0.004927440343271595,0.014109440174859702,0.015117921508890079,0.03403807837059995,0.0488709320345362,0.017691672896035016,0.00201637484568441,280.3407979350304,0.009187371997458725,cuda,True,43,2db0798d04a2508ffb923b18aefef52ecf111f01,50,binary
amazon_video_games,LightGCN,0.0051435232369032,0.008000009062958207,0.0014018691588785048,0.0010542511967175747,0.0032253758413122863,0.004132753188541408,0.002203243490317402,0.001862994631585097,0.004448614412712885,0.00485803656687534,0.013334852974697971,0.019033508092090267,0.014271480653579829,0.020619825389902247,0.004488598627407571,0.003257139694487492,0.010591164297552415,0.012595757075023478,0.006829283342917782,0.005625643923629182,0.01672550523419463,0.017799374736896113,0.03962807172902369,0.05512508301970334,0.019030430063139647,0.0021689571533097386,80.02379133098293,0.010591164297552415,cuda,True,44,2db0798d04a2508ffb923b18aefef52ecf111f01,50,binary
amazon_video_games,NGCF,0.0014915922736647635,0.0031995119152520594,0.00041030316845224525,0.00039890585821746066,0.001096794199969652,0.0015980479625305182,0.0006435737973506212,0.00070936957672929,0.0016081062012222257,0.00184773602201501,0.0039890585821746065,0.007636197857305676,0.007916409863834307,0.012833317530503676,0.002064423289794111,0.0017627850343148108,0.005014747255395327,0.006556741471075024,0.0032748410163562594,0.003099783655660152,0.006822001363455868,0.007632155423895571,0.019315917644454283,0.0313814478636263,0.03044128103647381,0.0034694872391695703,67.9350225260132,0.005014747255395327,cuda,True,44,2db0798d04a2508ffb923b18aefef52ecf111f01,50,binary
amazon_video_games,Sheaf4Rec-official,0.004559276092094347,0.007196706222686092,0.0010485525416001824,0.0008604969227262365,0.0024062032681439285,0.0032160804968536924,0.0017049880966397896,0.0015371943456364784,0.0024639899269486686,0.0028782384058112513,0.009801686801914749,0.015956234328698426,0.010740684237893455,0.016285153058742518,0.0032100951959265,0.0023688288687181754,0.008087286448141995,0.009824765291597056,0.004942894988281589,0.004136032815626803,0.012953006455331007,0.01386401047535652,0.02999778614124419,0.04317024573832189,0.10314635693794116,0.011755910296095415,461.9053641749779,0.008087286448141995,cuda,True,44,2db0798d04a2508ffb923b18aefef52ecf111f01,50,binary
amazon_video_games,NCL,0.007222849588311859,0.0124893271208596,0.0023820378390699793,0.0018463642580351036,0.005267638120933861,0.006915693839749734,0.003582572134311781,0.0032171238335686842,0.008151700008321846,0.008933075767498432,0.022110781855482105,0.03316617278322316,0.018171911553129826,0.02601852567034147,0.0060715076378127075,0.004364069072393181,0.013866851939058147,0.01645402354568983,0.009101925674717112,0.007474453327549157,0.02352455538336654,0.024865706780948203,0.05495904361301749,0.0745516936019482,0.0185714119579643,0.002116641435829075,73.34033423801884,0.013866851939058147,cuda,True,44,2db0798d04a2508ffb923b18aefef52ecf111f01,50,binary
amazon_video_games,DirectAU,0.004939165015897428,0.006997617246381117,0.0012423068155915204,0.0009003875085479827,0.003439913973903259,0.0040861777702124735,0.001985274229132122,0.0015954832527314802,0.004859369855380797,0.005203907210702723,0.011283337132436745,0.01618418053339412,0.011962778442273343,0.018108999022311945,0.0036473323001992475,0.0028503431481071506,0.008662964485094137,0.010652474251874702,0.005590252232345099,0.004925427607663684,0.013358836634794128,0.014506877307845152,0.03287580252379898,0.04964578259907018,0.018642317911144346,0.002124722807287935,281.41534249897813,0.008662964485094137,cuda,True,44,2db0798d04a2508ffb923b18aefef52ecf111f01,50,binary
amazon_video_games,LightGCN,0.0060346835735843925,0.008569947902653845,0.0015272395714611353,0.0010884431274219286,0.0037636507749290436,0.004573547097049446,0.002437582974077976,0.0019315641431292038,0.0052330388123640915,0.0056242562483251445,0.014360610895828584,0.019603373603829497,0.014063399364943094,0.01985379034077059,0.004383440336506531,0.003140912109807394,0.010467014855327758,0.012284153702275456,0.006683645875650721,0.005423771900587127,0.016672684497014804,0.017675694614472427,0.03890856763338499,0.053464688952844806,0.020041570998728275,0.002284200022649678,93.31023628398543,0.010467014855327758,cuda,True,42,2db0798d04a2508ffb923b18aefef52ecf111f01,50,rating
amazon_video_games,NGCF,0.0031982870911883665,0.006175581462507866,0.0008092090266697059,0.0007408251652609984,0.0021230821017632615,0.0029980169718494573,0.0012916208564933568,0.0013229488674586466,0.0027694559322095223,0.0031576994627567634,0.007636197857305676,0.013562799179393664,0.011141444176260349,0.017712536386058433,0.003199025902147443,0.0025376355988487934,0.007781091397004285,0.009814135097803704,0.004970795003554571,0.004439267272659893,0.011109705486504248,0.012173864696513482,0.028614124418862078,0.044498560991808725,0.030372080102097243,0.0034616001939933036,173.58302287501283,0.007781091397004285,cuda,True,42,2db0798d04a2508ffb923b18aefef52ecf111f01,50,rating
amazon_video_games,Sheaf4Rec-official,0.004429561954283178,0.0062197420333255475,0.0010713471620697516,0.0007807157510827445,0.0030374223586850046,0.003597789388127067,0.0017253870327818574,0.001387295152012436,0.004018546861036033,0.004337223656211434,0.01059949851834967,0.015272395714611352,0.009518236587559155,0.01431550925547979,0.0027230462696479964,0.002058888642904583,0.007482402488860019,0.008999268173401671,0.0042346213114616916,0.003600015048664589,0.012489655481408856,0.01331326689264341,0.026455612131945982,0.038078370599955724,0.10071402095491067,0.01147868941815713,423.8514657539781,0.007482402488860019,cuda,True,42,2db0798d04a2508ffb923b18aefef52ecf111f01,50,rating
amazon_video_games,NCL,0.006912303987232766,0.011225971299682365,0.0019489400501481653,0.0015329382265785274,0.004836456231260341,0.006178833991612352,0.003040581214711368,0.002697522151142597,0.006864979864751919,0.007560931768659922,0.018691588785046728,0.02872122179165717,0.017181227823125086,0.025444081338958063,0.00567301306176666,0.00410117334514058,0.013020063314074943,0.015680204406156553,0.00852964929779938,0.007063779906089995,0.021804378344947306,0.02314937528388125,0.05152756254150985,0.07095417312375471,0.0181647248682566,0.002070290046530271,122.33266629796708,0.013020063314074943,cuda,True,42,2db0798d04a2508ffb923b18aefef52ecf111f01,50,rating
amazon_video_games,DirectAU,0.004686742084370911,0.007350185073993981,0.001333485297469797,0.0010257579211306132,0.0036882197432454838,0.0045064165321281645,0.0020762344231027,0.0018002774292551582,0.005682418473049883,0.006096238303391827,0.012309095053567358,0.01834966947800319,0.012240777922011841,0.019433943953712195,0.003608589771972548,0.0029361301748948416,0.008835253853135184,0.011149140479129434,0.005573969493700966,0.0051015109678818615,0.013353521616749423,0.014605737937645916,0.03304184193048484,0.051361523134824,0.03800009307451546,0.004330988497209421,484.74116052303,0.008835253853135184,cuda,True,42,2db0798d04a2508ffb923b18aefef52ecf111f01,50,rating
amazon_video_games,LightGCN,0.005557390251540894,0.008581891837132061,0.0015500341919307042,0.0011340323683610668,0.003805606777734019,0.00472808979852314,0.0024239849403402767,0.002003338626206878,0.00579905999327016,0.006211598755843608,0.014702530202872122,0.02062913152496011,0.014268920150319433,0.020494281547013517,0.004438786805401816,0.003207327872481736,0.010455124742959463,0.012425922575108826,0.006771187365771749,0.005546617469627038,0.016429116108106587,0.017512551257014897,0.0395727252601284,0.05512508301970334,0.019450507999863476,0.0022168347389860356,159.039012068999,0.010455124742959463,cuda,True,43,2db0798d04a2508ffb923b18aefef52ecf111f01,50,rating
amazon_video_games,NGCF,0.004093307289899953,0.006367496488674949,0.0008547982676088443,0.0007465238203783907,0.002571102379812835,0.0032813604613532964,0.001414259230944433,0.0013363717275089297,0.003340587811752617,0.003714438280618897,0.008206063369044905,0.013790745384089354,0.011435458054998217,0.01831853816688257,0.0032654416648217844,0.00264002656630507,0.008058388657067905,0.010224370813578224,0.0050802089533021145,0.004614956036551836,0.011791740901216218,0.012962690153527863,0.029555014390081912,0.046657073278724814,0.10156373889185488,0.011575534407551274,338.2945776990382,0.008058388657067905,cuda,True,43,2db0798d04a2508ffb923b18aefef52ecf111f01,50,rating
amazon_video_games,Sheaf4Rec-official,0.004107175238376736,0.006424430963428221,0.0010485525416001824,0.0007921130613175291,0.0028705107226978037,0.0035505144560691866,0.0016706037319202843,0.0014103359337140717,0.003909277410531114,0.004255584662646831,0.010143606108958286,0.015386368816959197,0.010406904768433645,0.014544671766315399,0.002955501439008191,0.0021170024352446313,0.00778338890810017,0.00909538414872267,0.004603605300009097,0.003696039806880939,0.012586797319473875,0.013326260117319398,0.027949966792118662,0.03879787469559442,0.2712242540437728,0.030912269665349077,766.4037519359845,0.00778338890810017,cuda,True,43,2db0798d04a2508ffb923b18aefef52ecf111f01,50,rating
amazon_video_games,NCL,0.008792461229195464,0.011980604956147034,0.0026099840437656713,0.0017779803966263962,0.005566632939243672,0.006596215222496281,0.00402513372601682,0.0030964347286562563,0.007849626059678486,0.008408498332733565,0.02427627080009118,0.03225438796444039,0.01840999935777406,0.027230654532531616,0.006243081691388089,0.0045328758025238,0.01410736444557781,0.01697800156233363,0.009324200062441433,0.007772006053191899,0.02345961113395251,0.024946407701015597,0.05407350011069294,0.07538189063537747,0.017874286917503923,0.0020371879322434376,90.15556931099854,0.01410736444557781,cuda,True,43,2db0798d04a2508ffb923b18aefef52ecf111f01,50,rating
amazon_video_games,DirectAU,0.005144197436766391,0.007522240802183794,0.001310690677000228,0.0009459767494871211,0.0033521012117988538,0.004068923244160939,0.0020890994552293664,0.0016806051236851246,0.004459242856781038,0.0048093466571338134,0.01253704125826305,0.017665830863916116,0.012412232268989458,0.01890940360183937,0.0038189063537746293,0.0028586451184414432,0.0091248719361412,0.011140338883179548,0.005840767401258031,0.004966478621363526,0.013866311043641128,0.014905028218409264,0.03414877130839052,0.04931370378569847,0.017911967996042222,0.0020414825616642605,284.7979912569863,0.0091248719361412,cuda,True,43,2db0798d04a2508ffb923b18aefef52ecf111f01,50,rating
amazon_video_games,LightGCN,0.0055498916196791495,0.007926243916250275,0.0014702530202872122,0.0010542511967175747,0.0033715997040712604,0.0041458573372984775,0.002324665753934966,0.0018609780483296087,0.004624820447136381,0.004983924241470637,0.014018691588785047,0.019033508092090267,0.014140127362486972,0.020542404361279326,0.004471994686738986,0.003251605047597963,0.01056026681889009,0.012581619518340316,0.006794988155311832,0.0056145044379122995,0.016856513840131288,0.017912247785187373,0.03979411113570954,0.05506973655080806,0.01903890201356262,0.002169922727782382,75.88598567800364,0.01056026681889009,cuda,True,44,2db0798d04a2508ffb923b18aefef52ecf111f01,50,rating
amazon_video_games,NGCF,0.004289471365576925,0.007473751298991122,0.00111693640300889,0.0009915659904262593,0.002709831580483486,0.003700475444038875,0.0017723660230424495,0.0017508422556701854,0.0036238471530242672,0.004159173299844336,0.010485525416001824,0.018463642580351037,0.011755634368185346,0.018853510783863034,0.0034646889528448088,0.0028337392074385655,0.008088386307015341,0.010362794481246907,0.005352004115820298,0.004926943962699443,0.011775642106890723,0.012984405631625097,0.031713526676998005,0.049867168474651315,0.030227402923628688,0.003445110887124309,173.47647186700488,0.008088386307015341,cuda,True,44,2db0798d04a2508ffb923b18aefef52ecf111f01,50,rating
amazon_video_games,Sheaf4Rec-official,0.004758365004546906,0.007507830041887005,0.001002963300661044,0.0008206063369044905,0.0027712225089129325,0.0036021171754944932,0.0016567240115083533,0.00147950290512236,0.0031783570505932025,0.003567193674407784,0.009915659904262594,0.01561431502165489,0.01122244677110683,0.01612937116042371,0.003237768430374142,0.0023051804294885988,0.007897271290994275,0.009407684530966165,0.0050256076221220445,0.004033850300900475,0.012211056291751444,0.013043490439135786,0.03038521142351118,0.04261678104936905,0.09956658992450684,0.011347913143891821,638.2927559859818,0.007897271290994275,cuda,True,44,2db0798d04a2508ffb923b18aefef52ecf111f01,50,rating
amazon_video_games,NCL,0.006863935512382058,0.011631792882125382,0.0021882835650786415,0.0017266925005698654,0.00486615031373793,0.006358979512277151,0.0033185757315362567,0.003007007001522133,0.0072107887300501845,0.00793668967800902,0.02062913152496011,0.031000683838614086,0.01835706563631833,0.026385872259033945,0.006126854106707992,0.004427717511622758,0.01373955543053848,0.01636280252408455,0.009187341255929408,0.007582965148190578,0.022632752458964546,0.024037334017589635,0.053796767766216516,0.07421961478857649,0.025508744933176786,0.0029073107970340535,140.56152672501048,0.01373955543053848,cuda,True,44,2db0798d04a2508ffb923b18aefef52ecf111f01,50,rating
amazon_video_games,DirectAU,0.005549989807326146,0.007824953028056164,0.0014360610895828585,0.0010200592660132208,0.0037792663148055283,0.004472940113147782,0.002281725262954768,0.0018048399656241984,0.005130779612201997,0.005510403500132336,0.013334852974697971,0.01891953498974242,0.012141972455472596,0.018347132959031617,0.003702678769094532,0.002880783705999557,0.008778386081483031,0.010803376980703881,0.005674826537816356,0.004979680532405001,0.013310254734319378,0.01438452087585418,0.03398273190170467,0.049977861412441885,0.07168503105640411,0.00817016538140006,690.374576667964,0.008778386081483031,cuda,True,44,2db0798d04a2508ffb923b18aefef52ecf111f01,50,rating
amazon_video_games,LightGCN,0.005643556831876388,0.00867903785389105,0.0014360610895828585,0.0011055390927741052,0.0038024278398216867,0.004758722627265932,0.0022895281816103143,0.001961253038827206,0.005365283793024846,0.005811938087122614,0.013676772281741509,0.020173239115568727,0.014197356138427179,0.020415932423088905,0.004333628514500774,0.0031436794332521585,0.010533883386202118,0.012479915978505975,0.006640345188812113,0.00544840443556426,0.01666484374725464,0.0177262946251026,0.038355102944432146,0.053575381890635376,0.019149683008436114,0.002182548781449295,191.0532117690309,0.010533883386202118,cuda,True,42,2db0798d04a2508ffb923b18aefef52ecf111f01,50,time
amazon_video_games,NGCF,0.004361912518681639,0.006725345224753483,0.001002963300661044,0.0008092090266697059,0.002746746307385756,0.003483377901923974,0.0016309187106096632,0.0014446004054752281,0.0035932734160452422,0.003952855923479092,0.009801686801914749,0.015158422612263505,0.011347648845667871,0.01816626985456484,0.0032156298428160286,0.00269260571175559,0.007934169286599539,0.010151351650705439,0.005011211974235071,0.004690051658457961,0.011610876547504843,0.01279708562873992,0.02938897498339606,0.04693380562320124,0.03032316901953891,0.0034560256461749384,172.85404422297142,0.007934169286599539,cuda,True,42,2db0798d04a2508ffb923b18aefef52ecf111f01,50,time
amazon_video_games,Sheaf4Rec-official,0.004737435128812763,0.007002666551513023,0.0011625256439480281,0.0008718942329610213,0.0027651528176137184,0.0034504503946417007,0.0018669242172632188,0.0015507111440809203,0.0035140802008821154,0.003862456082448341,0.01139731023478459,0.0166400729427855,0.010691488782428234,0.015246011957720969,0.003088332964356874,0.002219393402700908,0.007095735574469201,0.008540462942212033,0.00479235186805349,0.0038747338132949856,0.010324751995108426,0.011098289777187128,0.029499667921186627,0.040735001106929375,0.10003477497957647,0.011401273647091004,424.97430134401657,0.007095735574469201,cuda,True,42,2db0798d04a2508ffb923b18aefef52ecf111f01,50,time
amazon_video_games,NCL,0.009193114705376058,0.01374218222600729,0.0031570549350353316,0.0021768862548438572,0.0071220699536895795,0.008514858883240188,0.004700043642151395,0.0037584067981539775,0.011850850818254509,0.012518771370136858,0.027809436972874402,0.037383177570093455,0.0208229672553235,0.02964762030234986,0.007449634713305291,0.00518873145893292,0.015970474553241503,0.018825694294782994,0.010973415172144537,0.00883178245526112,0.026510058122577493,0.02797839062950534,0.062320123976090325,0.08351782156298428,0.01853849191684276,0.0021128894366130337,77.19137222500285,0.015970474553241503,cuda,True,42,2db0798d04a2508ffb923b18aefef52ecf111f01,50,time
amazon_video_games,DirectAU,0.004864979758848924,0.007730932436543089,0.0012651014360610896,0.0009972646455436516,0.0032426673829615517,0.0041042735333619304,0.0020080298069912452,0.0017666387510598708,0.0048018858025696415,0.0052546881398625326,0.011739229541828128,0.018235696375655346,0.012316617971022641,0.01965803772832699,0.003946203232233783,0.003102169581580695,0.009451293158239091,0.01176401901707752,0.005977299638233241,0.005358700458570559,0.015067043901170533,0.016323550945367495,0.03591985831303963,0.05423953951737879,0.018086944008246064,0.002061425120611587,230.27614240098046,0.009451293158239091,cuda,True,42,2db0798d04a2508ffb923b18aefef52ecf111f01,50,time
amazon_video_games,LightGCN,0.0056286234405082975,0.00867863818131401,0.0015386368816959197,0.0011682242990654205,0.0037717432003803782,0.004730282349882884,0.0024166577546832642,0.0020592541078764577,0.005647457676178897,0.006103023765449551,0.014702530202872122,0.021312970139047184,0.014141385124143644,0.020776691773698803,0.004416648217843701,0.0032322337834846137,0.010412021302877893,0.012504491350462202,0.006731049810658654,0.005594179956120816,0.016351982457804906,0.0175021162866123,0.03901926057117556,0.05540181536417976,0.01929714297875762,0.0021993552517389583,85.46373235801002,0.010412021302877893,cuda,True,43,2db0798d04a2508ffb923b18aefef52ecf111f01,50,time
amazon_video_games,NGCF,0.004194168551577262,0.006666275793608801,0.0008775928880784135,0.0007522224754957829,0.00269526858062605,0.003442771681829162,0.001451476981344862,0.0013518969198091577,0.0036537877061013605,0.004021160265055824,0.00832003647139275,0.013790745384089354,0.01148521942892386,0.018327834204861355,0.0032875802523798982,0.0025985167146336066,0.008023075761623526,0.010137294147259241,0.0051119058544558385,0.004551695009567884,0.011785130072987059,0.012875790466204406,0.029942439672348903,0.04593756918308612,0.030335460091009736,0.0034574264977216473,173.2768998509855,0.008023075761623526,cuda,True,43,2db0798d04a2508ffb923b18aefef52ecf111f01,50,time
amazon_video_games,Sheaf4Rec-official,0.004107175238376736,0.006367444412254298,0.0010485525416001824,0.0007864144062001368,0.0028848589762120657,0.003547814663545349,0.0016706037319202843,0.0013999297843446076,0.003926689967834257,0.0042656527778450765,0.010143606108958286,0.015272395714611352,0.010405323440750921,0.01455082137397043,0.002949966792118663,0.0021197697586893952,0.007790489346530266,0.00910949380111122,0.0045967340396575965,0.003700455594787599,0.012617874801016265,0.013360287385570525,0.027949966792118662,0.03885322116448971,0.0992830980103463,0.011315602690944416,464.2560712050181,0.007790489346530266,cuda,True,43,2db0798d04a2508ffb923b18aefef52ecf111f01,50,time
amazon_video_games,NCL,0.008484088916986392,0.012457742651351265,0.0025302028721221792,0.0018121723273307499,0.0054284269281507395,0.006687104284537954,0.0038979294458724853,0.0031640800281589167,0.007693727137538398,0.00831027024083698,0.02370640528835195,0.03248233416913608,0.01854757234835171,0.027931297313536333,0.006298428160283373,0.004626964799645783,0.014161428296483626,0.01719038660204344,0.009403569958323981,0.007938822350462508,0.02340791050388128,0.024993402746829603,0.05412884657958822,0.07665485941996901,0.017930936941411346,0.0020436445112162463,74.32263220602181,0.014161428296483626,cuda,True,43,2db0798d04a2508ffb923b18aefef52ecf111f01,50,time
amazon_video_games,DirectAU,0.00525081586456102,0.007846034778178792,0.0012992933667654433,0.0010086619557784363,0.0034319184727274864,0.004240977084067507,0.002083125634089401,0.001787525202102913,0.0046467105191746174,0.00505767494466691,0.01253704125826305,0.018805561887394576,0.012494428645422743,0.019211513829348763,0.003791233119326987,0.0029084569404471995,0.009247833651153127,0.011360597431494462,0.005817300195946011,0.005052073650093903,0.014311147305944738,0.015404039647757137,0.03425946424618109,0.050309940225813594,0.01801737298956141,0.002053495895778597,282.4610518080299,0.009247833651153127,cuda,True,43,2db0798d04a2508ffb923b18aefef52ecf111f01,50,time
amazon_video_games,LightGCN,0.005408596265254094,0.007937641226485059,0.0014702530202872122,0.0010713471620697516,0.003328566577207342,0.004152033760578797,0.0023120160551324577,0.0018878855282633584,0.004566929347531125,0.004957972469083965,0.013904718486437201,0.019375427399133803,0.014326918103636588,0.020825142375658596,0.004477529333628515,0.0033124861633827764,0.010601757153713556,0.012690692177426303,0.006822768526811446,0.005715805581999821,0.016802441218535975,0.017927790455730997,0.03968341819791897,0.05595528005313261,0.01914009195752442,0.002181455659622113,76.21530740102753,0.010601757153713556,cuda,True,44,2db0798d04a2508ffb923b18aefef52ecf111f01,50,time
amazon_video_games,NGCF,0.0038243676461027754,0.006942615116127344,0.0010257579211306132,0.0009231821290175518,0.0025370482675966892,0.0035110204899657087,0.001617638699009291,0.001629662704009303,0.0034814260025110262,0.003984732651124736,0.009915659904262594,0.017323911556872577,0.0120216556824763,0.018703249355786718,0.0034646889528448088,0.002830971883993801,0.008156838654405045,0.010348805738136943,0.00537909992561857,0.004917602775227829,0.011752998372989518,0.012978747631630172,0.031824219614788575,0.05003320788133717,0.030341417936142534,0.0034581055318147406,182.10353588999715,0.008156838654405045,cuda,True,44,2db0798d04a2508ffb923b18aefef52ecf111f01,50,time
amazon_video_games,Sheaf4Rec-official,0.004750363862513395,0.007880190882677296,0.0010143606108958287,0.0008320036471392751,0.0028816213816687413,0.003796447145383737,0.0016717475438013,0.001505096685365039,0.003327878906292401,0.0037255010030126283,0.01002963300661044,0.015956234328698426,0.011506116830314403,0.016255321033480485,0.0032654416648217844,0.0023051804294885988,0.00825508599655161,0.009726660152825976,0.005087148158454274,0.004037762449058246,0.012871128821981158,0.013685616869593844,0.0306619437679876,0.04256143458047377,0.09946716704871505,0.011336581610293486,743.3712849600124,0.00825508599655161,cuda,True,44,2db0798d04a2508ffb923b18aefef52ecf111f01,50,time
amazon_video_games,NCL,0.007198618431974939,0.01200034576868108,0.002313653977661272,0.0018406656029177112,0.00492904669700051,0.006486370330894199,0.003501815644373777,0.0031917644002309466,0.007040824079802881,0.007822175192977154,0.02176886254843857,0.03259630727148393,0.018533151996357744,0.027251899207419,0.006292893513393846,0.004560549036971441,0.013952379586682374,0.016764399786739013,0.009395548069450777,0.007813521407171339,0.022895252854296468,0.024317278264762345,0.05567854770865619,0.07643347354438787,0.02505113690858707,0.002855155790812294,143.4130154379527,0.013952379586682374,cuda,True,44,2db0798d04a2508ffb923b18aefef52ecf111f01,50,time
amazon_video_games,DirectAU,0.005778379385646531,0.008276334406885725,0.001447458399817643,0.0010656485069523592,0.003843538023468896,0.004616359149003505,0.0023150156500641394,0.0018881780206794917,0.005278854190411062,0.005673106267976172,0.013448826077045816,0.019261454296785958,0.012521322591840543,0.018826437374252686,0.0038853221164489708,0.0030108479079034756,0.009066592002614518,0.011127265772157885,0.005930447383759087,0.005191445626060686,0.014244511914425571,0.01540523625811292,0.035089661279610364,0.05224706663714855,0.018013660970609635,0.002053072825462689,855.7222749480279,0.009066592002614518,cuda,True,44,2db0798d04a2508ffb923b18aefef52ecf111f01,50,time
