dataset,model,Recall@10,Recall@20,Precision@10,Precision@20,NDCG@10,NDCG@20,F1@10,F1@20,MRR@10,MRR@20,HitRatio@10,HitRatio@20,val_Recall@10,val_Recall@20,val_Precision@10,val_Precision@20,val_NDCG@10,val_NDCG@20,val_F1@10,val_F1@20,val_MRR@10,val_MRR@20,val_HitRatio@10,val_HitRatio@20,infer_total_s,infer_ms_per_user,train_seconds,best_val_NDCG@10,device,is_real_data,seed,git_commit,epochs,n_layers
amazon_video_games,LightGCN,0.00437588027926708,0.006867739298935536,0.0010941417825393207,0.0008263049920218829,0.0031996870594594826,0.003959503543442663,0.0017505718970920665,0.0014751272677971917,0.0048747924061350095,0.005211988745019067,0.010485525416001824,0.015386368816959197,0.013202296188671012,0.018680416765853653,0.003990480407350011,0.002842041177772858,0.009536078906325405,0.011245661507536532,0.00612856265288948,0.004933499120367556,0.014643643414121605,0.01561791707032279,0.035753818906353776,0.049977861412441885,0.014844211022136733,0.001691840782099012,47.00006753098569,0.009536078906325405,cuda,True,42,not-a-git-repo,50,1
amazon_video_games,NGCF,0.004878650358761169,0.0074597920240307035,0.0011853202644175975,0.0009288807841349442,0.0030072539456589536,0.003806389777378831,0.0019072530170723156,0.0016520509556697002,0.003831169653485587,0.004249278721513568,0.010941417825393207,0.017095965352176886,0.012317837723147915,0.019069094712943428,0.0033872038963914104,0.00269260571175559,0.008541104968470737,0.010648209466862289,0.0053133291769254885,0.004718891661958898,0.012367959138492679,0.013406178826990196,0.03099402258135931,0.04638034093424839,0.020243245002347976,0.002307185434505126,99.04279750899877,0.008541104968470737,cuda,True,42,not-a-git-repo,50,1
amazon_video_games,Sheaf4Rec-official,0.0036898401700808333,0.0059785112158751985,0.0009117848187827673,0.0007408251652609984,0.002499637167606136,0.0032153151042358234,0.0014622400821260196,0.0013182943398843668,0.0033997905065833037,0.0037528823213783913,0.008434009573740598,0.013448826077045816,0.00965867001037789,0.014365004167110451,0.0028503431481071506,0.00210316581802081,0.0072465930940454094,0.008736565471165946,0.004401709956669811,0.0036691369796730197,0.011782472563964703,0.012571641010299558,0.026898383883108258,0.038244410006641576,0.10079840596881695,0.011488307039983697,556.226077386993,0.0072465930940454094,cuda,True,42,not-a-git-repo,50,1
amazon_video_games,NCL,0.008780450417759534,0.013311158077178817,0.0029405060405744243,0.002062913152496011,0.006874588141435272,0.008257093814768128,0.004405607611318795,0.0035722174903630244,0.012279244955333399,0.012903472831478352,0.026669705949395942,0.03567358103487577,0.019071930094189355,0.0278378908467069,0.006923843258800088,0.004878791233119327,0.015422588529971365,0.018230108465855686,0.010159424982044167,0.008302508028171528,0.02705880079136665,0.028494224283413958,0.05905468231126854,0.07969891520920966,0.017497109016403556,0.0019941997967179797,73.14577466601622,0.015422588529971365,cuda,True,42,not-a-git-repo,50,1
amazon_video_games,DirectAU,0.004463820961662992,0.007425347316168603,0.0011511283337132436,0.0008718942329610213,0.0027950593287123,0.0036303168847622853,0.0018302679206114053,0.0015605469515056203,0.0035684435616051753,0.003919447407622434,0.010827444723045362,0.01618418053339412,0.011846355561426073,0.018310592103589842,0.0036251937126411337,0.0028586451184414432,0.008676324819455905,0.010765709056228714,0.0055515233721262006,0.004945240509490302,0.013814061341457844,0.01497413215987688,0.03287580252379898,0.050199247288023024,0.01794905698625371,0.0020457097089416126,262.1462329800124,0.008676324819455905,cuda,True,42,not-a-git-repo,50,1
amazon_video_games,LightGCN,0.00442889137620733,0.007518116348417918,0.0012081148848871665,0.0010086619557784363,0.003271821112195078,0.004242113664024038,0.001898386961913927,0.0017786877221923434,0.0050433550063137475,0.005508777182703313,0.01139731023478459,0.018235696375655346,0.012289046588890132,0.018175409376079817,0.003658401593978304,0.0027479521806508746,0.00934121098902191,0.011231039092540742,0.005638302393428156,0.004774104361175594,0.014764549093196425,0.01583062340168407,0.03304184193048484,0.04837281381447864,0.01516761098173447,0.0017286996787935344,56.58936474600341,0.00934121098902191,cuda,True,43,not-a-git-repo,50,1
amazon_video_games,NGCF,0.004211511211956166,0.006894302753374129,0.0009573740597219057,0.0008434009573740598,0.002596722317942744,0.003431470778953026,0.0015601010177754698,0.0015029424128880518,0.0033760461102608354,0.0038108535919714245,0.009345794392523364,0.015728288124002735,0.011857433584835294,0.018433961431229225,0.0033816692495018817,0.0026372592428603055,0.008193442296975642,0.010237253326997908,0.005262503832115184,0.004614363440920139,0.011893824388289741,0.01293083741887187,0.030440557892406465,0.0459929156519814,0.020049366023158655,0.002285088445766886,102.69555466101156,0.008193442296975642,cuda,True,43,not-a-git-repo,50,1
amazon_video_games,Sheaf4Rec-official,0.0041798610243312505,0.0061471801990394806,0.001002963300661044,0.0007522224754957829,0.0028354260959824605,0.0034449211185471427,0.0016177462118683547,0.0013404195478274818,0.0036372796972295486,0.003927312614272787,0.009231821290175518,0.013448826077045816,0.008993033920543568,0.013197557522474966,0.0027341155634270533,0.001989705556785477,0.00709182386364873,0.008413590691862208,0.00419334537147223,0.0034580626412304342,0.01183705033190311,0.012567760230806987,0.025293336285145008,0.03597520478193491,0.10581579100107774,0.012060153977784106,617.6670363250014,0.00709182386364873,cuda,True,43,not-a-git-repo,50,1
amazon_video_games,NCL,0.007929632731756127,0.012299304351814264,0.002461819010713472,0.0019033508092090267,0.005324143955078163,0.0067502930001660435,0.0037571883295632103,0.0032965513314690826,0.007775633997995521,0.008548656367756353,0.023250512878960565,0.03407795760200592,0.01773032252983918,0.026504726540480347,0.005949745406243082,0.0044802966570732785,0.01289678774921364,0.015857623722592716,0.00890967925496347,0.007664931341754241,0.020832388929300595,0.022379652315610624,0.053187956608368385,0.07527119769758689,0.01851638505468145,0.0021103698489493335,73.85400198298157,0.01289678774921364,cuda,True,43,not-a-git-repo,50,1
amazon_video_games,DirectAU,0.004204490103467944,0.006949726686312969,0.0011055390927741052,0.0009288807841349442,0.0030392625380694692,0.003895229566793961,0.0017507354490085454,0.0016387331385958575,0.004413698843263466,0.004864541682859913,0.010371552313653977,0.016868019147481195,0.012486088121786958,0.019627407783943424,0.003719282709763117,0.003002545937569183,0.008995819263355121,0.01130620935414897,0.0057313457552638876,0.005208335309203099,0.013535615891991804,0.01474888884117034,0.03431481071507638,0.05224706663714855,0.018505529034882784,0.00210913255469373,208.49828261401854,0.008995819263355121,cuda,True,43,not-a-git-repo,50,1
amazon_video_games,LightGCN,0.004303153149325453,0.006797315921012728,0.001082744472304536,0.0008604969227262365,0.0028980482689404613,0.003657238073799186,0.0017301536765943666,0.0015276083529807633,0.004186928551528506,0.004541306601233693,0.010485525416001824,0.015728288124002735,0.012633024547407503,0.0187874237786518,0.003951737879123313,0.002878016382554793,0.009354915112183835,0.011256642097352327,0.006020273350678029,0.004991406869062941,0.014722512132297387,0.01574494302961913,0.035864511844144346,0.050697365508080586,0.015125959005672485,0.0017239524738628315,60.36298873901251,0.009354915112183835,cuda,True,44,not-a-git-repo,50,1
amazon_video_games,NGCF,0.004503539029987846,0.007016566123660968,0.0011397310234784591,0.0008434009573740598,0.002908548474182636,0.003620528592788677,0.0018190953469506442,0.001505802384453443,0.003944735709039334,0.004248128415132355,0.011055390927741052,0.015728288124002735,0.012846672813450517,0.019348536860723648,0.003492362187292451,0.002703675005534647,0.008806917590579347,0.010865739224803356,0.00549178508573761,0.004744390795922494,0.012804998576805086,0.013863996765017917,0.031934912552579145,0.047210537967677664,0.018668309989152476,0.0021276852050549893,96.82132577398443,0.008806917590579347,cuda,True,44,not-a-git-repo,50,1
amazon_video_games,Sheaf4Rec-official,0.004702551619729166,0.006253829969083169,0.0011055390927741052,0.0007864144062001368,0.0026973092177624666,0.0032093909768598394,0.0017902112445341229,0.0013971395648933712,0.0032521682025899025,0.0035450525632033975,0.010827444723045362,0.014930476407567814,0.010141362111328371,0.01387970565616259,0.0029721053796767766,0.00205058667257029,0.0075061870728073445,0.0086788420601172,0.004596983507070708,0.0035732601574913286,0.012297897536994281,0.012961687484062878,0.02839273854328094,0.038023024131060436,0.10360616305842996,0.01180831582612605,422.5131546839839,0.0075061870728073445,cuda,True,44,not-a-git-repo,50,1
amazon_video_games,NCL,0.008690626876257126,0.012608348607043103,0.002689765215409164,0.0019033508092090267,0.0061713232308793775,0.007420959623461719,0.004108073901772535,0.003307415601115431,0.010088066835274495,0.010727092938886544,0.025529974925917482,0.03453385001139731,0.018213642676748857,0.026841910596799193,0.006303962807172903,0.004571618330750498,0.014106847395531804,0.016964551134719216,0.009366177793557999,0.00781261925711731,0.024193391104504674,0.02567826628150681,0.05656409121098074,0.07770644232897941,0.018586529971798882,0.0021183644827671394,72.8194291020045,0.014106847395531804,cuda,True,44,not-a-git-repo,50,1
amazon_video_games,DirectAU,0.004365478961506907,0.007339628182738875,0.001253704125826305,0.0009630727148392978,0.003248633011799535,0.004137324666249134,0.0019479767433050713,0.001702721976151929,0.004826670429588141,0.0052007884441753575,0.011739229541828128,0.017095965352176886,0.012341670288505108,0.0192745583228682,0.0038576488820013283,0.0029665707327872484,0.008761022467795115,0.010926752451722168,0.00587800389502324,0.005141766001621413,0.013016259562639906,0.014134750405928142,0.0345915430595528,0.05163825547930042,0.018666284013306722,0.002127454298302567,343.05494273800286,0.008761022467795115,cuda,True,44,not-a-git-repo,50,1
amazon_video_games,LightGCN,0.005395480312999778,0.008487141285900779,0.0013220879872350125,0.001002963300661044,0.0036249063723582386,0.004560981245742838,0.0021237743744058966,0.001793929910811992,0.005215942847011915,0.005614372646691255,0.012651014360610896,0.01834966947800319,0.013420247064938336,0.019566394628650747,0.004178658401593979,0.003052357759574939,0.010173463673311381,0.012085254443630584,0.006372967711658631,0.005280895731698886,0.016150209438066426,0.017239985353605915,0.03680540181536418,0.05285587779499668,0.016194300987990573,0.0018457147239560716,71.01577813198674,0.010173463673311381,cuda,True,42,not-a-git-repo,50,2
amazon_video_games,NGCF,0.005073517718480565,0.008435544897683951,0.001253704125826305,0.001156826988830636,0.0030359099812665223,0.004147166965210332,0.0020105791301865575,0.0020346304581565023,0.0039891490370177396,0.004626491172411924,0.012195121951219513,0.021540916343742878,0.013458007303433576,0.021297694093143606,0.00402922293557671,0.003284812928935134,0.009735966315555353,0.012319508571845548,0.006201703866537802,0.005691766169400869,0.014709554030452859,0.01610788113217489,0.03719282709763117,0.05739428824441001,0.025177647039527074,0.0028695745429139583,145.8585762970033,0.009735966315555353,cuda,True,42,not-a-git-repo,50,2
amazon_video_games,Sheaf4Rec-official,0.003959457590089223,0.0058817991604709135,0.0009345794392523364,0.0007294278550262138,0.002782707195669855,0.0033938219724366273,0.0015122189031687185,0.0012978976928973824,0.0037487200639696656,0.004093271142032928,0.009003875085479826,0.014132664691132892,0.009176884145256236,0.013809258409781656,0.0026953730352003544,0.002025680761567412,0.006807986018106371,0.008263205819386787,0.004166878411798359,0.003533092080684577,0.011000264433129167,0.011786244090600749,0.025293336285145008,0.03691609475315475,0.09923637099564075,0.01131027706811497,538.5948367950041,0.006807986018106371,cuda,True,42,not-a-git-repo,50,2
amazon_video_games,NCL,0.007562607534414187,0.011775786018164815,0.002290859357191703,0.0017038978801002963,0.0049228345622837014,0.006245158208936627,0.0035165024504705384,0.002977033732289249,0.007374014494484063,0.008017065269221408,0.021882835650786414,0.031114656940961934,0.01840310160695325,0.02674721936667879,0.005982953287580252,0.004397276953730352,0.013184178565192202,0.015953170373043613,0.009030152497989828,0.00755285493060892,0.021082106925863847,0.022569461534877103,0.05440557892406465,0.07588000885543503,0.01752339900122024,0.001997196147848215,72.57998924300773,0.013184178565192202,cuda,True,42,not-a-git-repo,50,2
amazon_video_games,DirectAU,0.004916307312741754,0.007115368794195199,0.001196717574652382,0.0009459767494871211,0.0032320870315596206,0.003955476952023877,0.0019248838249235638,0.0016699379543679126,0.004512746896494332,0.004911549076020379,0.011283337132436745,0.017095965352176886,0.012925148404683593,0.0184652470238518,0.0038465795882222714,0.002878016382554793,0.009212059692193129,0.011010364933058039,0.005928740562597868,0.0049798648342234885,0.01378315956299131,0.014760001519836741,0.0345915430595528,0.04931370378569847,0.017582506028702483,0.002003932759140926,445.1652280909766,0.009212059692193129,cuda,True,42,not-a-git-repo,50,2
amazon_video_games,LightGCN,0.004874347223549871,0.008116830432411015,0.001310690677000228,0.0010542511967175747,0.0034898153837365146,0.004493130939014076,0.0020658762533372816,0.0018661219129800768,0.005105135664173731,0.005581264779260229,0.012309095053567358,0.019147481194438112,0.013859153067117968,0.02025338550268737,0.0041067079920301085,0.003052357759574939,0.010268854416332426,0.012311188511238434,0.006335960684113276,0.005305179731975593,0.0161102589511932,0.0172433788044658,0.03658401593978304,0.052689838388310824,0.016002116055460647,0.0018238108109711246,74.47702073401888,0.010268854416332426,cuda,True,43,not-a-git-repo,50,2
amazon_video_games,NGCF,0.004542921554564386,0.007947913472642216,0.001276498746295874,0.0011625256439480281,0.002942201107947093,0.004074959101859419,0.0019929935866858407,0.002028366165358826,0.0041135244463259045,0.004769833457714588,0.012423068155915203,0.02176886254843857,0.013362281938653449,0.021306647770675275,0.004200796989152092,0.0034259464246181094,0.009399423048879404,0.012020090091791254,0.006392072138015537,0.005902772121206227,0.014032218673020088,0.015483272390674492,0.037856984724374584,0.059442107593535534,0.023733608046313748,0.002704992938946176,142.85790568299126,0.009399423048879404,cuda,True,43,not-a-git-repo,50,2
amazon_video_games,Sheaf4Rec-official,0.0040592447703840006,0.006341120733171268,0.001002963300661044,0.0007693184408479599,0.0027317993115283643,0.003414457299419277,0.00160849711270558,0.0013721630960565477,0.003945414120362832,0.004294248185506025,0.009687713699566902,0.014588557100524277,0.010341126383449287,0.015352903812537164,0.0031381447863626302,0.002260903254372371,0.007932185057704136,0.009468189419466666,0.004815089990624654,0.003941388714202785,0.013206172624757968,0.01398523170143934,0.029499667921186627,0.040956386982510515,0.0987785859615542,0.011258101887571712,461.6641326220124,0.007932185057704136,cuda,True,43,not-a-git-repo,50,2
amazon_video_games,NCL,0.008161141404686116,0.013161735755501393,0.0026099840437656713,0.0019375427399133803,0.005741060177878869,0.007271381034111759,0.003955101803815272,0.0033778336581412336,0.008600084665733173,0.009334574183937383,0.024048324595395486,0.03453385001139731,0.018365201578544262,0.026705345663569913,0.006243081691388089,0.00456608368386097,0.013841545452335268,0.01661596006553509,0.009318443913863196,0.007798738059046338,0.022769932635440714,0.024235651345377775,0.05473765773743635,0.07604604826212087,0.01754882698878646,0.0020000942544775996,72.60390225599986,0.013841545452335268,cuda,True,43,not-a-git-repo,50,2
amazon_video_games,DirectAU,0.004881485360892221,0.0073365811143050914,0.0011853202644175975,0.0009288807841349442,0.0031272262689243315,0.0038962178939811565,0.0019074695568239552,0.0016489844855764237,0.004216416830389933,0.004603692270960149,0.011283337132436745,0.01698199224982904,0.011723555904688555,0.017373037310335234,0.0034757582466238652,0.0026676998007527123,0.008551612976268797,0.010412815082941219,0.005361853266511852,0.004625183985434232,0.013167012801726108,0.014202033129086139,0.032322337834846136,0.047487270312154085,0.01779764494858682,0.0020284528092759085,134.4814864989894,0.008551612976268797,cuda,True,43,not-a-git-repo,50,2
amazon_video_games,LightGCN,0.004815128997521952,0.007913711031025344,0.0012651014360610896,0.0010086619557784363,0.003130928597088103,0.004101268951132315,0.0020037486000327983,0.0017892682266982555,0.0041685662183724645,0.004624742424473158,0.01196717574652382,0.01834966947800319,0.013922131921831839,0.020336228604379843,0.004322559220721718,0.0031796546380340935,0.010302966200629524,0.012354046610606547,0.00659690418879797,0.00549944758063872,0.016351125905310095,0.017465021465438102,0.03874252822669914,0.05473765773743635,0.01569390998338349,0.0017886836087740476,62.38455029699253,0.010302966200629524,cuda,True,44,not-a-git-repo,50,2
amazon_video_games,NGCF,0.0046576786695503285,0.008191429050016944,0.001310690677000228,0.001099840437656713,0.003266447841989408,0.004357834386036497,0.0020457098594847253,0.0019392968686048272,0.0051056783932325305,0.005646258644249649,0.012992933667654433,0.020857077729655803,0.013514892400896983,0.02165093135649641,0.004056896170024352,0.003251605047597963,0.009822227657373886,0.012396597447011402,0.006240516154425296,0.005654064834327946,0.015023557389895664,0.016393525917126048,0.03680540181536418,0.057228248837724156,0.023739691969240084,0.0027056863425165356,142.85739919901243,0.009822227657373886,cuda,True,44,not-a-git-repo,50,2
amazon_video_games,Sheaf4Rec-official,0.005010374036908774,0.007407657628630479,0.0012423068155915204,0.0009288807841349442,0.0032382386194038538,0.0039900641152483774,0.001990960985071092,0.0016507644986434962,0.004348209536835021,0.004784211024335414,0.012081148848871666,0.018007750170959652,0.011046944869666824,0.01681272333607581,0.003298649546158955,0.0024629178658401593,0.008251600265160598,0.010041347882675012,0.005080305301336217,0.004296444019069306,0.013311221101236599,0.014264818462475438,0.030827983174673456,0.044664600398494576,0.09913866998977028,0.011299141781373409,462.3069981940207,0.008251600265160598,cuda,True,44,not-a-git-repo,50,2
amazon_video_games,NCL,0.0069032893173895885,0.01007616016728572,0.001641212673808981,0.001293594711648051,0.004151869241999806,0.005185998340773553,0.00265194295240153,0.002292831753175296,0.00526610005752928,0.005819430073788399,0.015956234328698426,0.02427627080009118,0.015697248430777546,0.02334990146254912,0.004682311268541067,0.003569847243745849,0.011116863047631778,0.013651015070816404,0.007213051145062347,0.00619289446474856,0.01688499970130477,0.018288993941900214,0.04283816692495019,0.06287358866504317,0.017884922999655828,0.002038400159523117,72.84155832297984,0.011116863047631778,cuda,True,44,not-a-git-repo,50,2
amazon_video_games,DirectAU,0.004360531724198899,0.006816228370266617,0.0012195121951219512,0.0009345794392523364,0.0031095125041364687,0.003876572654670974,0.0019059784086874817,0.0016437788278729126,0.004643363689978689,0.005035920050614818,0.01139731023478459,0.01720993845452473,0.012493411626917951,0.019576287860749532,0.0038797874695594417,0.0030080805844587117,0.008942019460981575,0.011165576288767616,0.005920868804752145,0.005214850401733469,0.013508974913114827,0.014666822368572668,0.035366393624086785,0.05263449191941554,0.017509317985968664,0.0019955912908557858,331.4158355180116,0.008942019460981575,cuda,True,44,not-a-git-repo,50,2
amazon_video_games,LightGCN,0.005649255486993781,0.008774151121445622,0.001447458399817643,0.001099840437656713,0.0038565850010409365,0.004826759914526925,0.0023044644148783734,0.001954663653845418,0.005488483289372279,0.005938062672761518,0.013790745384089354,0.02005926601322088,0.013927150846000214,0.019960666697508584,0.004261678104936905,0.003116006198804516,0.010467654962922505,0.012391683105194123,0.006526317223022172,0.005390513740102002,0.01665296182674974,0.01774369101844477,0.03769094531768873,0.053187956608368385,0.01960918607073836,0.0022349197709982177,100.40329569901223,0.010467654962922505,cuda,True,42,not-a-git-repo,50,3
amazon_video_games,NGCF,0.004066396546165438,0.006675599172613994,0.0009345794392523364,0.0007750170959653521,0.0025542011757105237,0.003350852242955845,0.0015198515709630848,0.0013887988048469193,0.003364965391977017,0.003715348340374187,0.009231821290175518,0.014360610895828584,0.01137475224926807,0.017975550354201883,0.0031547487270312154,0.002609586008412663,0.007992290172445694,0.010140423901227677,0.004939534432353753,0.004557535483032824,0.011561635760495624,0.012724495907087933,0.0288908567633385,0.04555014390081913,0.030072658002609387,0.003427474128403167,168.5498174589884,0.007992290172445694,cuda,True,42,not-a-git-repo,50,3
amazon_video_games,Sheaf4Rec-official,0.004737435128812763,0.007002666551513023,0.0011625256439480281,0.0008718942329610213,0.0027651528176137184,0.0034504503946417007,0.0018669242172632188,0.0015507111440809203,0.0035140802008821154,0.003862456082448341,0.01139731023478459,0.0166400729427855,0.010691488782428234,0.015246011957720969,0.003088332964356874,0.002219393402700908,0.007095735574469201,0.008540042938925,0.00479235186805349,0.0038747338132949856,0.010324751995108426,0.011097934992130108,0.029499667921186627,0.040735001106929375,0.09965568603365682,0.011358067703858768,423.7455047479889,0.007095735574469201,cuda,True,42,not-a-git-repo,50,3
amazon_video_games,NCL,0.009274878925503625,0.013682395686280015,0.0031912468657396852,0.0021711875997264644,0.0070272831418419415,0.008343717068141554,0.004748616979610392,0.0037476761326032367,0.0114392812819984,0.012073171126905036,0.028037383177570093,0.037497150672441304,0.020389702979240632,0.02928773990114569,0.007294664600398495,0.005141686960371928,0.01565984207686691,0.018561662953144903,0.010745128571742882,0.008747655948743122,0.026051868426508674,0.027527976801890675,0.06148992694266106,0.08285366393624087,0.018105822935467586,0.002063576810516023,72.95673826200073,0.01565984207686691,cuda,True,42,not-a-git-repo,50,3
amazon_video_games,DirectAU,0.004712309906581117,0.007956979089532985,0.0012423068155915204,0.001002963300661044,0.0031756152201948325,0.004123988519677766,0.0019662507218396377,0.0017813860097277009,0.004752497458218909,0.005208158136927241,0.011625256439480283,0.01834966947800319,0.012128370709219922,0.01896602094706659,0.0038797874695594417,0.0030163825547930042,0.009319213220424605,0.011483578423891548,0.005878939997754474,0.00520496084185979,0.014846580466737652,0.01605815025458935,0.035145007748505645,0.052800531326101394,0.01780492495163344,0.002029282533808233,228.00882099202136,0.009319213220424605,cuda,True,42,not-a-git-repo,50,3
amazon_video_games,LightGCN,0.005495654821102477,0.008497773722469154,0.0015158422612263508,0.0011397310234784591,0.0038340169471286784,0.004768003274398884,0.002376253097768539,0.0020098929333488644,0.005888474605707339,0.006337196705763842,0.014360610895828584,0.020857077729655803,0.014124047742329914,0.02043352698659104,0.004394509630285588,0.0031934912552579148,0.010410770646908015,0.012412734266943733,0.006703358428347801,0.005523700796927015,0.016437352189787435,0.017533992200958103,0.03918529997786141,0.05468231126854107,0.019025681976927444,0.002168415999193919,81.81853580099414,0.010410770646908015,cuda,True,43,not-a-git-repo,50,3
amazon_video_games,NGCF,0.0039026737079967105,0.006560544723732329,0.0008547982676088443,0.0007864144062001368,0.0026622559357536014,0.003485477674745463,0.0014024249608800062,0.0014044740938448164,0.0035052608536766277,0.0039158304070299535,0.008206063369044905,0.01447458399817643,0.011253660051010939,0.01809462226770114,0.003237768430374142,0.0026261899490812486,0.007975640461437587,0.01013934152690778,0.005028730643929351,0.0045866845985285,0.011716979242438617,0.012886704375274215,0.029222935576710206,0.04632499446535311,0.03027841800940223,0.003450925234716461,169.69326003501192,0.007975640461437587,cuda,True,43,not-a-git-repo,50,3
amazon_video_games,Sheaf4Rec-official,0.004107175238376736,0.006424430963428221,0.0010485525416001824,0.0007921130613175291,0.0028705107226978037,0.0035503711241808397,0.0016706037319202843,0.0014103359337140717,0.003909277410531114,0.004255284733430126,0.010143606108958286,0.015386368816959197,0.010406904768433645,0.014544671766315399,0.002955501439008191,0.0021170024352446313,0.007785810945156934,0.009098473479016806,0.004603605300009097,0.003696039806880939,0.01259386936827716,0.01333417013701582,0.027949966792118662,0.03879787469559442,0.09900672998628579,0.011284104169852495,462.1473588400113,0.007785810945156934,cuda,True,43,not-a-git-repo,50,3
amazon_video_games,NCL,0.008292196607663463,0.011987785146404018,0.00250740825165261,0.0017779803966263962,0.005364730795875133,0.0065526451486982535,0.003850496841177553,0.0030966744163482725,0.007626835781041389,0.008242200629176714,0.023478459083656256,0.03225438796444039,0.018336198273273627,0.027271299546788624,0.0061434580473765776,0.004519039185299978,0.013928516853463545,0.016840878968791242,0.009203369799371705,0.007753303437537456,0.02309996890055557,0.024618294034445765,0.053520035421740095,0.07543723710427275,0.01791037298971787,0.0020413007738452095,72.76509181401343,0.013928516853463545,cuda,True,43,not-a-git-repo,50,3
amazon_video_games,DirectAU,0.004966516292593338,0.007452093071333989,0.0012651014360610896,0.0009630727148392978,0.003374870775257219,0.004151956118965373,0.002016537973787853,0.0017057079296612107,0.004641690275380724,0.0050224574000007115,0.012309095053567358,0.017893777068611807,0.012470423212683638,0.0187462823779816,0.0037746291786584017,0.00283650653088333,0.009187371997458725,0.011153931824160752,0.005795145770524173,0.004927440343271595,0.014109440174859702,0.015117921508890079,0.03403807837059995,0.0488709320345362,0.01751860702643171,0.0019966499916151937,279.4612900989887,0.009187371997458725,cuda,True,43,not-a-git-repo,50,3
amazon_video_games,LightGCN,0.0051435232369032,0.008000009062958207,0.0014018691588785048,0.0010542511967175747,0.0032253758413122863,0.004132753188541408,0.002203243490317402,0.001862994631585097,0.004448614412712885,0.00485803656687534,0.013334852974697971,0.019033508092090267,0.014271480653579829,0.020619825389902247,0.004488598627407571,0.003257139694487492,0.010591164297552415,0.012595757075023478,0.006829283342917782,0.005625643923629182,0.01672550523419463,0.017799374736896113,0.03962807172902369,0.05512508301970334,0.01910128997405991,0.002177033277189413,78.16462443899945,0.010591164297552415,cuda,True,44,not-a-git-repo,50,3
amazon_video_games,NGCF,0.0015281253885443297,0.003528997160397209,0.0003419193070435377,0.0004217004786870299,0.0010172115198672364,0.0016424404092751851,0.0005588054394202192,0.000753375696030045,0.0014301815247792,0.0017768129364513206,0.0033052199680875314,0.00809209026669706,0.007742160587581488,0.012597323646499048,0.002075492583573168,0.0017600177108700464,0.0050742059490124355,0.006594184400083226,0.0032734496931649108,0.003088526235537409,0.0070882134862652905,0.007911772165464872,0.019205224706663714,0.031436794332521584,0.0301275129604619,0.0034337261181287783,67.04865372099448,0.0050742059490124355,cuda,True,44,not-a-git-repo,50,3
amazon_video_games,Sheaf4Rec-official,0.004553222575669278,0.007139719671512168,0.0010371552313653977,0.0008434009573740598,0.0023877459362143705,0.0031773648061590373,0.0016894738698998023,0.001508594617635356,0.002444723045361295,0.002853063324721425,0.009687713699566902,0.015728288124002735,0.010767808400229041,0.016288489420557963,0.003226699136595085,0.0023688288687181754,0.008059071526625636,0.009781812211596812,0.004965444904240648,0.0041361404001352105,0.012844751397717968,0.013744863446832135,0.03010847907903476,0.04328093867611246,0.09922083705896512,0.011308506617160374,461.68045034102397,0.008059071526625636,cuda,True,44,not-a-git-repo,50,3
amazon_video_games,NCL,0.007222849588311859,0.0124893271208596,0.0023820378390699793,0.0018463642580351036,0.005267638120933861,0.006915693839749734,0.003582572134311781,0.0032171238335686842,0.008151700008321846,0.008933075767498432,0.022110781855482105,0.03316617278322316,0.018171911553129826,0.02601852567034147,0.0060715076378127075,0.004364069072393181,0.013866851939058147,0.01645402354568983,0.009101925674717112,0.007474453327549157,0.02352455538336654,0.024865706780948203,0.05495904361301749,0.0745516936019482,0.017787255957955495,0.0020272687437833934,72.45654783799546,0.013866851939058147,cuda,True,44,not-a-git-repo,50,3
amazon_video_games,DirectAU,0.004939165015897428,0.006997617246381117,0.0012423068155915204,0.0009003875085479827,0.003439913973903259,0.0040861777702124735,0.001985274229132122,0.0015954832527314802,0.004859369855380797,0.005203907210702723,0.011283337132436745,0.01618418053339412,0.011962778442273343,0.018108999022311945,0.0036473323001992475,0.0028503431481071506,0.008662964485094137,0.010652474251874702,0.005590252232345099,0.004925427607663684,0.013358836634794128,0.014506877307845152,0.03287580252379898,0.04964578259907018,0.017561245942488313,0.0020015096811589143,279.3746801689849,0.008662964485094137,cuda,True,44,not-a-git-repo,50,3
amazon_video_games,LightGCN,0.0057026273234748025,0.008571222396309674,0.0015044449509915658,0.0011112377478914976,0.0037374289397846786,0.004626938170278078,0.0023807972384524054,0.001967406161347672,0.005294548105694676,0.005707620799869322,0.014018691588785047,0.019831319808525188,0.014086508043135252,0.020496388991790248,0.004394509630285588,0.0032045605490369712,0.010543682548592214,0.012546435840804334,0.006699121914880453,0.005542555959427964,0.01680371506583594,0.017862889541514528,0.03890856763338499,0.05423953951737879,0.023216669971589,0.002646075902848074,110.9186534259934,0.010543682548592214,cuda,True,42,not-a-git-repo,50,4
amazon_video_games,NGCF,0.002536787344322766,0.0048644618226696855,0.0005128789605653066,0.0005185776156826988,0.0015347751805110184,0.00225691973820662,0.0008532506354850098,0.0009372403982801459,0.0017316675169421923,0.0020817900172166687,0.005128789605653066,0.009915659904262594,0.00829393445110006,0.013625748924375986,0.002285809165375249,0.0019315917644454283,0.005440420426681833,0.007097016521881614,0.0035838961836132124,0.003383532562944689,0.0077150122465043875,0.008576105810303106,0.020810272304626964,0.03365065308833296,0.037165464978897944,0.004235863343845218,103.89824827102711,0.005440420426681833,cuda,True,42,not-a-git-repo,50,4
amazon_video_games,Sheaf4Rec-official,0.005417793720029392,0.008270168894486554,0.0012195121951219512,0.0009801686801914748,0.0032079546266083102,0.004083497196366999,0.001990887747737724,0.0017526193968227415,0.004084443214258578,0.004495600486640719,0.012081148848871666,0.018235696375655346,0.011702278010314338,0.01755565939239041,0.0034370157183971663,0.0025846800974097853,0.008434953474785385,0.010297260292871237,0.005313446476862441,0.004505958149453897,0.013504165041413215,0.014514937345754158,0.032322337834846136,0.047044498560991806,0.09960917799617164,0.011352767038542471,422.8226378399995,0.008434953474785385,cuda,True,42,not-a-git-repo,50,4
amazon_video_games,NCL,0.0068788360501342025,0.01074466655462798,0.0019831319808525185,0.0015842261226350581,0.004642835586080023,0.0059032828240848925,0.003078693065550012,0.002761315534238827,0.006727262366081605,0.007427501735846437,0.01891953498974242,0.02894916799635286,0.01719509500951379,0.025849315669285444,0.005401815364179765,0.004040292229355767,0.012507511641153017,0.015303364783607777,0.00822101135729203,0.006988301056804834,0.019318860670974908,0.02080368285417914,0.04898162497232676,0.07056674784148771,0.017800600006012246,0.0020287896063383,72.47443977798685,0.012507511641153017,cuda,True,42,not-a-git-repo,50,4
amazon_video_games,DirectAU,0.004501649649041923,0.0076116860790503595,0.001253704125826305,0.0009744700250740826,0.0032603355722907517,0.00416998002723914,0.0019612127972646175,0.001727748676906829,0.0046847920081336996,0.005132961652920001,0.011511283337132437,0.018007750170959652,0.012830814875258216,0.0193922587175527,0.0038576488820013283,0.0030163825547930042,0.009267576861439706,0.01139031266392581,0.0059318556074012,0.0052207066178390745,0.014042826746225019,0.015184452394234701,0.0345915430595528,0.05141686960371928,0.01784211295307614,0.0020335209657027743,444.72665177399176,0.009267576861439706,cuda,True,42,not-a-git-repo,50,4
amazon_video_games,LightGCN,0.006315229928345694,0.00853721635030798,0.0016640072942785502,0.001156826988830636,0.004047571612861169,0.004747368498461842,0.0026339832674776237,0.002037556866214715,0.005718283818352202,0.006056978826096491,0.015956234328698426,0.021085023934351493,0.014389996978612733,0.020952307720483457,0.004400044277175116,0.0031962585787026787,0.010615162355830614,0.012666665049729709,0.006739381036197449,0.005546415672508942,0.016753463986140544,0.017826061298660684,0.03901926057117556,0.05446092539295993,0.0231839049665723,0.0026423415735778778,117.11867344699567,0.010615162355830614,cuda,True,43,not-a-git-repo,50,4
amazon_video_games,NGCF,0.0027811586936633426,0.006092946148087252,0.0005926601322087988,0.0006781399589696832,0.001711802930102843,0.0027020685050033544,0.0009771015956401164,0.0012204453423098772,0.0021471266114530298,0.0025959157614631042,0.005698655117392295,0.012423068155915203,0.010085366342530787,0.016375774757422,0.0028503431481071506,0.002330086340491477,0.006713288698348489,0.00870032655139971,0.004444557891685527,0.00407968057471466,0.009229858277899013,0.01022928820458286,0.025846800974097854,0.040458268762452954,0.03713677401538007,0.004232593345723737,193.35420254198834,0.006713288698348489,cuda,True,43,not-a-git-repo,50,4
amazon_video_games,Sheaf4Rec-official,0.006030389182465292,0.008592676424068213,0.00139047184864372,0.0010314565762480055,0.003910038295438713,0.0047124749584898686,0.002259868864120339,0.0018418225527193244,0.004966694526758351,0.0053726193206599365,0.013790745384089354,0.019717346706177342,0.01233092321202204,0.01716787284851165,0.0036362630064201906,0.0025376355988487934,0.008942925889061629,0.010478388761871222,0.005616328299483971,0.004421688018177318,0.014177920448675375,0.015007523424095646,0.03370599955722825,0.04577152977640027,0.09998954698676243,0.011396118872437022,461.63787749799667,0.008942925889061629,cuda,True,43,not-a-git-repo,50,4
amazon_video_games,NCL,0.0077440573599671225,0.012497461668673441,0.0026099840437656713,0.001909049464326419,0.005636734555510064,0.007104440877243534,0.0039041501487976677,0.0033121513298762146,0.008807904667831726,0.009505840525477243,0.023592432186004104,0.03373603829496239,0.018367454542949194,0.027226603065181366,0.006602833739207438,0.0047625636484392294,0.01457137881826318,0.01749765462409645,0.009713724342238104,0.008107021429445716,0.024890844464123187,0.026352079939222957,0.05783705999557228,0.07892406464467568,0.017572907061548904,0.0020028387350750974,72.77875336600118,0.01457137881826318,cuda,True,43,not-a-git-repo,50,4
amazon_video_games,DirectAU,0.00521574795011264,0.007645321174228352,0.00139047184864372,0.0009858673353088671,0.0033989644189851014,0.004118353702158906,0.0021956128966880853,0.0017465201704929725,0.004828072479656705,0.005170666690595046,0.012992933667654433,0.017893777068611807,0.012563638472837525,0.0189864501785022,0.0037524905911002875,0.0029195262342262564,0.008826733033775496,0.010898410734614403,0.005778936287468937,0.005060850824139348,0.013232220605753926,0.01438601850620756,0.03414877130839052,0.050918751383661726,0.017976505041588098,0.0020488380489614884,310.61078679101774,0.008826733033775496,cuda,True,43,not-a-git-repo,50,4
amazon_video_games,LightGCN,0.005468712509550872,0.00815039101753437,0.0015044449509915658,0.0010542511967175747,0.0033752015279012166,0.004193352132611273,0.0023597278478143593,0.0018670056443144633,0.004566477073315461,0.0049081114340904205,0.014132664691132892,0.019033508092090267,0.01431608356384708,0.020709582157337342,0.0045937569183086115,0.003284812928935134,0.010732612431565139,0.012733208588245365,0.006955596264978082,0.0056702494877385184,0.01704521894360283,0.018115655500625234,0.04051361523134824,0.055789240646446754,0.02336995507357642,0.002663546281465286,96.20665150199784,0.010732612431565139,cuda,True,44,not-a-git-repo,50,4
amazon_video_games,NGCF,0.002157133923784053,0.004688952004029764,0.000501481650330522,0.0005128789605653066,0.0012302167861001961,0.001973291643759182,0.000813779239552865,0.0009246224440338384,0.0015688487993024123,0.0019029577363163582,0.004786870298609528,0.009687713699566902,0.008073793587322329,0.013239931378122984,0.0021806508744742084,0.0018458047376577376,0.00513774591235979,0.006770600601038976,0.0034338525333305423,0.0032399251685754416,0.00687488798928914,0.007723515220573547,0.01986938233340713,0.032377684303741425,0.03726652293698862,0.004247381232845751,85.32200654101325,0.00513774591235979,cuda,True,44,not-a-git-repo,50,4
amazon_video_games,Sheaf4Rec-official,0.00409960123027545,0.007386688522962422,0.0010485525416001824,0.0009117848187827673,0.002609841379758968,0.0036042519270257085,0.0016699762594645368,0.001623207107850427,0.00341462510085715,0.0039261744517024855,0.009573740597219056,0.01675404604513335,0.010008362283886121,0.015179341736843077,0.0030717290236882888,0.002258135930927607,0.007560860307164827,0.009157441387918332,0.004700728180574334,0.003931419169315743,0.012820548299018521,0.0137051444111683,0.029222935576710206,0.04206331636041621,0.09891748713562265,0.01127393288530005,462.0032633189694,0.007560860307164827,cuda,True,44,not-a-git-repo,50,4
amazon_video_games,NCL,0.00779698858412282,0.011896741291466381,0.0021540916343742874,0.0016697059493959426,0.005073623778733906,0.0063988764469317,0.0033755989326970507,0.00292840997500878,0.006898764748662173,0.007573367051597837,0.02062913152496011,0.030544791429222704,0.017015441301084688,0.025950617683701837,0.005335399601505425,0.004045826876245295,0.012376354894088013,0.015279001652961454,0.008123558226100185,0.0070002767341352115,0.01943774576467736,0.020874713244317902,0.04804073500110693,0.06896170024352447,0.01751353096915409,0.001996071457619568,68.23821176198544,0.012376354894088013,cuda,True,44,not-a-git-repo,50,4
amazon_video_games,DirectAU,0.0054957637727074725,0.007233662166717083,0.001253704125826305,0.0008889901983131981,0.0036911124149408524,0.004242391038788284,0.0020416607116264265,0.0015833879070845905,0.004853716427684971,0.005175929545738565,0.01139731023478459,0.01618418053339412,0.012159855657834834,0.019010635662475493,0.0037358866504317023,0.002911224263891964,0.008702025804383768,0.010909369959815856,0.005715724568541469,0.0050492270271320265,0.01322993646576777,0.014442213476426163,0.03342926721275183,0.05086340491476644,0.01769099512603134,0.002016297598134413,248.39747774298303,0.008702025804383768,cuda,True,44,not-a-git-repo,50,4
amazon_video_games,LightGCN,0.005677356264467705,0.008532221006727023,0.0014816503305219969,0.0011682242990654205,0.0036917643727225275,0.004630752074432969,0.0023500067150732397,0.002055070172727636,0.005300020623704235,0.005755100690284222,0.014360610895828584,0.020971050832003648,0.014155463039205595,0.02042692942127916,0.00452734115563427,0.0032599070179322558,0.01064152819784938,0.012625657821836271,0.006860491575687101,0.005622522935566124,0.016942696198839657,0.018026535279805262,0.03940668585344255,0.0549036971441222,0.027491441054735333,0.003133284825021123,125.98636542900931,0.01064152819784938,cuda,True,42,not-a-git-repo,50,5
amazon_video_games,NGCF,0.002595025819391928,0.004605830961255199,0.000558468201504445,0.0004957829952131296,0.001639839137307885,0.002223002376740788,0.0009191324877168887,0.0008952040232370908,0.0020681143059761704,0.0023361547775389052,0.00558468201504445,0.00945976749487121,0.008629781778742084,0.014250925396870768,0.0023632942218286476,0.0020201461146778835,0.0057240035083309495,0.007498434943840946,0.0037104652805610506,0.0035386669587948697,0.007742575666529618,0.008638392185272787,0.02136373699357981,0.034812928935133935,0.04355887306155637,0.0049645398976015925,183.5813174819923,0.0057240035083309495,cuda,True,42,not-a-git-repo,50,5
amazon_video_games,Sheaf4Rec-official,0.004260605369593649,0.0068561869515344495,0.001082744472304536,0.0008092090266697059,0.002795029089880955,0.0035315228875347085,0.0017266872089961314,0.0014475673234604467,0.003951203230323358,0.004268470441116932,0.010257579211306132,0.014930476407567814,0.009799425988365923,0.015445986814623974,0.0028946203232233783,0.0022304626964799643,0.007326939905084655,0.00907050896418944,0.004469121496106461,0.003898033638338786,0.011901994581317141,0.012814780221411757,0.027507195040956386,0.041067079920301085,0.09945247205905616,0.011334906776733093,469.54186948400456,0.007326939905084655,cuda,True,42,not-a-git-repo,50,5
amazon_video_games,NCL,0.00829443360180812,0.01243747987844933,0.002347845908365626,0.001658308639161158,0.005638814875410329,0.0068635421094544345,0.003659752025042918,0.0029264315800506865,0.008865253038378179,0.00942655585964324,0.0223387280601778,0.03043081832687486,0.017926604469335493,0.024902865151434767,0.00581137923400487,0.004018153641797653,0.013613957221924763,0.015873043514640257,0.008777350111219044,0.006919779625664401,0.02272014277631944,0.023946418856509975,0.05263449191941554,0.07056674784148771,0.017790693964343518,0.002027660584037328,82.79736634495202,0.013613957221924763,cuda,True,42,not-a-git-repo,50,5
amazon_video_games,DirectAU,0.005878654474309882,0.007622544452973513,0.001333485297469797,0.0009288807841349442,0.0036141436313495393,0.004148500140765426,0.0021738622817796217,0.0016559660810355524,0.004830967034636968,0.005130941779861752,0.012081148848871666,0.016526099840437656,0.012842990008669713,0.019489712393566117,0.0038576488820013283,0.002991476643790126,0.009286554850374086,0.011423601320282226,0.005933155775995376,0.005186827024376674,0.014525329355415697,0.015643028687283244,0.035864511844144346,0.05230241310604383,0.01809040195075795,0.0020618192330474072,279.6241405309993,0.009286554850374086,cuda,True,42,not-a-git-repo,50,5
amazon_video_games,LightGCN,0.006226120060343644,0.009088612910299453,0.0016981992249829041,0.0012024162297697744,0.004097882267768187,0.004976034366048364,0.002668542717783837,0.0021238489408000358,0.005841257177591802,0.006236635168654271,0.016070207431046275,0.02176886254843857,0.014426959921332597,0.020582764510466717,0.0044996679211866284,0.003223931813150321,0.010754848414567305,0.012697033100463164,0.006859809290742068,0.005574686080407239,0.017030415959461784,0.018084276863329904,0.03973876466681426,0.05479300420633164,0.02757277892669663,0.0031425551546269237,132.4612373560085,0.010754848414567305,cuda,True,43,not-a-git-repo,50,5
amazon_video_games,NGCF,0.003509145801361897,0.005810226555827653,0.0007066332345566446,0.0006040574424435833,0.001973162714723002,0.0026476727145753657,0.001176379989093498,0.0010943421258793565,0.002255898560320716,0.002578231665336226,0.006724413038522908,0.011511283337132437,0.00919358228172784,0.014924204913662397,0.0024131060438344035,0.0020533539960150542,0.005936083895522321,0.007755867403255246,0.0038228111837321456,0.00361002143592602,0.007823662636038106,0.008753273610227834,0.022249280495904362,0.03580916537524906,0.04354960907949135,0.004963484052825547,218.81613515497884,0.005936083895522321,cuda,True,43,not-a-git-repo,50,5
amazon_video_games,Sheaf4Rec-official,0.004334045014194499,0.0065226819315767365,0.001002963300661044,0.0007579211306131754,0.0026657672100132116,0.0033045964750212323,0.0016289605847345258,0.0013580409265503278,0.0035441112088023413,0.0038573573205253064,0.009915659904262594,0.014702530202872122,0.010500803369584723,0.015656912042578953,0.0028835510294443214,0.0021336063759132165,0.00738936917690186,0.008961253037780677,0.004524626509972723,0.0037554484445417482,0.011480329162142313,0.01229533770334656,0.027507195040956386,0.03962807172902369,0.09872906695818529,0.011252458053132583,461.78518335102126,0.00738936917690186,cuda,True,43,not-a-git-repo,50,5
amazon_video_games,NCL,0.010348990153172541,0.014228821897735791,0.0033280145885571004,0.0022623660816047417,0.007310428880402072,0.008583230227855954,0.005036422938643566,0.003904000619356174,0.01128501054703471,0.011906774629304466,0.03043081832687486,0.039092774105311145,0.020301275673440315,0.02890829630892018,0.00738321895063095,0.005163825547930042,0.015934919355126267,0.018771321641426447,0.010828354666355481,0.0087624363198925,0.02678630728359531,0.028235861283925412,0.062486163382776176,0.08324108921850785,0.017821810964960605,0.0020312070851334174,72.43054146599025,0.015934919355126267,cuda,True,43,not-a-git-repo,50,5
amazon_video_games,DirectAU,0.0050605789922311215,0.006933214361208414,0.0013676772281741509,0.0009174834739001596,0.003562226678374063,0.004120127948270422,0.0021533798317126336,0.0016205208074545642,0.0054225417087281685,0.005694195085456101,0.012651014360610896,0.0166400729427855,0.012059160399538063,0.01819584220018384,0.0035145007748505646,0.00276455612131946,0.0084893604935015,0.010486658708552232,0.005442770083880106,0.004799854102531519,0.012397696884081653,0.01351200803434616,0.032322337834846136,0.04881558556564091,0.017586920002941042,0.002004435833478578,299.6857477170415,0.0084893604935015,cuda,True,43,not-a-git-repo,50,5
amazon_video_games,LightGCN,0.005583455353248144,0.008440435347223807,0.001561431502165489,0.00111693640300889,0.0034920120540756017,0.004372167179457079,0.0024403977994110516,0.001972807952422216,0.004825584971470542,0.005249446684734133,0.01447458399817643,0.020173239115568727,0.014403826939605218,0.020881470353517402,0.00459929156519814,0.003323555457161833,0.01069229628519985,0.012752314776706547,0.006972266129178205,0.00573440617579315,0.016993364573340223,0.018071839766002032,0.04090104051361523,0.056342705335399604,0.027363209112081677,0.003118669832696795,115.13153905898798,0.01069229628519985,cuda,True,44,not-a-git-repo,50,5
amazon_video_games,NGCF,0.002806825834588342,0.004257973373759108,0.0005926601322087988,0.0004843856849783451,0.0014616995049860815,0.001903706898794933,0.000978673709179318,0.0008698208312455174,0.001620362832466776,0.00185494251456008,0.005812628219740141,0.009231821290175518,0.008261014967769209,0.013392912330209452,0.0023190170467124196,0.0019288244410006641,0.005530339958556188,0.0071586169835640085,0.003621432242772257,0.0033720167660401443,0.007596654262029512,0.008402560832133735,0.02114235111799867,0.03320788133717069,0.04361817397875711,0.004971298607107034,156.894155787013,0.005530339958556188,cuda,True,44,not-a-git-repo,50,5
amazon_video_games,Sheaf4Rec-official,0.004891926293611017,0.008273892868114153,0.001196717574652382,0.0009516754046045133,0.0031531750543769502,0.00414628514455413,0.0019230075846555107,0.00170700819941936,0.004243643738173029,0.004696777123075693,0.011511283337132437,0.018007750170959652,0.011128060184391856,0.017885344275568923,0.0033097188399380116,0.002606818684967899,0.00841440479620704,0.010511124055118793,0.0051019966966083,0.004550407854400094,0.01400195381820354,0.015117594597424322,0.03127075492583573,0.04776400265663051,0.09912994998740032,0.011298147935650824,462.26359958801186,0.00841440479620704,cuda,True,44,not-a-git-repo,50,5
amazon_video_games,NCL,0.008106179882734732,0.012053247103479887,0.0024390243902439024,0.0018064736722133575,0.005356589378316011,0.00663047294460892,0.003749793732560827,0.0031420363958997908,0.007751211190349553,0.008422885976112826,0.023022566674264874,0.03293822657852747,0.018080033220996307,0.02660309805866534,0.006209873810050919,0.0044996679211866284,0.013855540222672373,0.0166525108564081,0.00924455780258085,0.007697393023906771,0.023184943300617423,0.02462480359774834,0.05462696479964578,0.07521585122869161,0.01773479499388486,0.0020212896049561046,72.50956269801827,0.013855540222672373,cuda,True,44,not-a-git-repo,50,5
amazon_video_games,DirectAU,0.004149815832005893,0.0067769105944537715,0.0011397310234784591,0.0008718942329610213,0.0027801350405791242,0.003542086489111479,0.0017883096509695644,0.001545012429502343,0.0037527000770675263,0.004105132649978419,0.010371552313653977,0.015728288124002735,0.012323857864565137,0.018492088554221426,0.0037414212973212306,0.0028475758246623867,0.00873412738001076,0.010722303432120687,0.005740173428051369,0.004935187674893625,0.012980547912471755,0.01402985989469902,0.0338720389639141,0.04925835731680319,0.018016601912677288,0.002053408013753965,175.81523708603345,0.00873412738001076,cuda,True,44,not-a-git-repo,50,5
amazon_video_games,LightGCN,0.005644825339965748,0.008580709886728589,0.0015956234328698426,0.001173922954182813,0.0037733723456800346,0.004671930267724507,0.002487971635321546,0.0020652939917875862,0.005556505331408453,0.0059433126374681105,0.015158422612263505,0.020743104627307954,0.014220596421725932,0.02062184683176542,0.004604826212087669,0.003304184193048484,0.010634739788431425,0.012635086575947715,0.006956908902184709,0.005695752902963248,0.01696404412255641,0.018043998039678703,0.04018153641797653,0.05573389417755147,0.031398425984662026,0.0035785760183111495,140.07647633500164,0.010634739788431425,cuda,True,42,not-a-git-repo,50,6
amazon_video_games,NGCF,0.002857299637056673,0.005102438182628317,0.000615454752678368,0.0005299749259174835,0.0018369006403169263,0.0024745843098566513,0.0010127630371158357,0.0009602151851163325,0.0023057844063086824,0.0025981132335944363,0.005698655117392295,0.009915659904262594,0.008825656630480272,0.013958480786204206,0.0023522249280495903,0.001950963028558778,0.005968610842474854,0.0075941456003026,0.003714465826805958,0.003423435824131376,0.00834304092827449,0.009166109375911904,0.021308390524684525,0.03348461368164711,0.04987095802789554,0.005683947803498466,243.5723004330066,0.005968610842474854,cuda,True,42,not-a-git-repo,50,6
amazon_video_games,Sheaf4Rec-official,0.004768867488062816,0.006936293647415342,0.0011055390927741052,0.0008377023022566674,0.0030671824100430337,0.0037142425888481187,0.0017949623893965374,0.0014948680691847492,0.0038946237259435343,0.004266418902303068,0.01059949851834967,0.016070207431046275,0.010076419570468988,0.014524273136024847,0.002927828204560549,0.0021142351117998674,0.007734984132370711,0.009113196518363662,0.004537290573016321,0.0036911636283943868,0.012891598230318622,0.013667504045856704,0.02828204560549037,0.03946203232233784,0.09915585903218016,0.01130110086986325,423.9776486820192,0.007734984132370711,cuda,True,42,not-a-git-repo,50,6
amazon_video_games,NCL,0.0065615791279005345,0.010799688634352232,0.0018349669478003193,0.0014987462958741737,0.004335493811057504,0.005712387613727752,0.0028679127623482807,0.0026322037607482544,0.006312436455472699,0.007037983833174874,0.017665830863916116,0.02758149076817871,0.01635554196051782,0.02388875202562887,0.005268983838831082,0.003890856763338499,0.011730556556652831,0.014194122480069194,0.007970309921698884,0.006691794192836035,0.018472652694758073,0.019811856012445582,0.04682311268541067,0.06608368386096967,0.017964961007237434,0.002047522339552933,72.38567645195872,0.011730556556652831,cuda,True,42,not-a-git-repo,50,6
amazon_video_games,DirectAU,0.004682802612820796,0.007276903437489207,0.0013676772281741509,0.0010086619557784363,0.0032229384656449695,0.004014457713167265,0.0021170428349154683,0.001771740443743932,0.004589723968000695,0.0049555222324684026,0.012651014360610896,0.018235696375655346,0.013089144462451323,0.020137828633668087,0.003973876466681426,0.0030606597299092314,0.009489123059687384,0.011707888846887948,0.006096768369957398,0.005313711840263762,0.014275391730007624,0.01543741537880681,0.03652866947088776,0.053796767766216516,0.01798097387654707,0.0020493473759456426,382.8952228089911,0.009489123059687384,cuda,True,42,not-a-git-repo,50,6
amazon_video_games,LightGCN,0.0064679295510703914,0.008951500105076322,0.0016868019147481196,0.0011853202644175975,0.004103824360600162,0.004876146833438533,0.00267577565170171,0.0020934364198490663,0.005721359283018731,0.006085589120256174,0.015956234328698426,0.021085023934351493,0.01441762328398841,0.02059016756098955,0.0044941332742971,0.0032183971662607925,0.010809195535433335,0.012753429523248731,0.006852321764734799,0.00556668053620861,0.017262695425746124,0.01831807064788925,0.03968341819791897,0.05468231126854107,0.03146236902102828,0.0035858638045393526,158.05530386598548,0.010809195535433335,cuda,True,43,not-a-git-repo,50,6
amazon_video_games,NGCF,0.0025646381641366827,0.004621425472954512,0.0005698655117392296,0.0005185776156826988,0.001477886740584618,0.002100681061587445,0.000932523289782587,0.0009325160944428346,0.0018356453591238183,0.0021524060842884538,0.0054707089126966035,0.009915659904262594,0.0076671560949322995,0.013117826581812425,0.002224928049590436,0.0018707106486606153,0.00514219756962343,0.0067925854632316235,0.0034489942477184993,0.00327445667266162,0.007235057331913652,0.008063503554604085,0.019814035864511845,0.032211644897055566,0.050085037073586136,0.00570834705648349,219.373647792032,0.00514219756962343,cuda,True,43,not-a-git-repo,50,6
amazon_video_games,Sheaf4Rec-official,0.004858476510163771,0.006590772295912942,0.00111693640300889,0.0008263049920218829,0.0031669983719327926,0.0037412682767023284,0.0018163127322641322,0.0014684997440302377,0.004307414402581943,0.004654036668207795,0.010941417825393207,0.015956234328698426,0.009843461169743556,0.014146868150432692,0.002794996679211866,0.0021059331414655744,0.0071727419850683505,0.008619498882170737,0.0043537655638354825,0.003666119821546205,0.011532534938556634,0.012409822844904779,0.02656630506973655,0.03879787469559442,0.09904137894045562,0.011288053218652339,423.5124260089942,0.0071727419850683505,cuda,True,43,not-a-git-repo,50,6
amazon_video_games,NCL,0.006550979650778098,0.010339330837993153,0.001720993845452473,0.001350581262821974,0.004395673921940817,0.0055838373789143855,0.0027258780908355185,0.002389086655140421,0.006320351254246854,0.0069335827250341766,0.0166400729427855,0.025416001823569637,0.016388286858906635,0.024096600562958953,0.005053132610139473,0.0037469559442107597,0.012585484240246402,0.01513754367561318,0.00772450600769348,0.006485443100015043,0.021162205565570632,0.02254021345405391,0.046657073278724814,0.0663604162054461,0.017840661923401058,0.002033355587349106,72.52327962400159,0.012585484240246402,cuda,True,43,not-a-git-repo,50,6
amazon_video_games,DirectAU,0.0047020207879541745,0.007556584994110476,0.001276498746295874,0.0009915659904262593,0.003367563408859667,0.0042280533018750725,0.0020078963049281243,0.0017530932005014029,0.005215354890531549,0.0056369786836279094,0.012195121951219513,0.01834966947800319,0.012139173235119986,0.018779201461513267,0.003669470887757361,0.0028226699136595086,0.008753094136900036,0.010835819324855297,0.0056354412739615225,0.004907675455274319,0.013502210344694293,0.014593872832258985,0.03331857427496126,0.04942439672348904,0.017868358932901174,0.002036512301447592,155.24319205799839,0.008753094136900036,cuda,True,43,not-a-git-repo,50,6
amazon_video_games,LightGCN,0.0056134402585640095,0.008715367078293427,0.001561431502165489,0.0011397310234784591,0.003697924857386317,0.004652095557850875,0.002443249927676661,0.002015844822153097,0.005167866097886613,0.005617268583296836,0.014702530202872122,0.021085023934351493,0.014744864954287843,0.02063085501105887,0.004781934912552579,0.0033595306619437684,0.010789653536625863,0.012680612915046637,0.0072217654696730285,0.005778147207509539,0.01718323370968932,0.018220360782842747,0.041675891078149216,0.056619437679876025,0.03171150496928021,0.0036142586014679978,114.93857910798397,0.010789653536625863,cuda,True,44,not-a-git-repo,50,6
amazon_video_games,NGCF,0.002304110492725038,0.004452686424638103,0.000558468201504445,0.000541372236152268,0.001423538134345231,0.002061049848681624,0.0008990302663354599,0.0009653714424770798,0.0018802848242100577,0.002205637308325133,0.005356735810348757,0.010143606108958286,0.008364197959185238,0.01362993235439397,0.002197254815142794,0.0018845472658844365,0.005440638960033198,0.007129609088344362,0.0034802549674415612,0.0033112617865815393,0.0072283806150310465,0.008086581931464287,0.02003542174009298,0.032654416648217846,0.050003333017230034,0.005699034991706181,243.51674595399527,0.005440638960033198,cuda,True,44,not-a-git-repo,50,6
amazon_video_games,Sheaf4Rec-official,0.005099225053267624,0.007882023707390646,0.001230909505356736,0.0009117848187827673,0.00334027530354858,0.0041589137404797905,0.0019831125325665594,0.0016344930723234475,0.004531244911915074,0.004937755636859766,0.01196717574652382,0.01777980396626396,0.010719898122310485,0.016527623492402745,0.003116006198804516,0.002438011954837281,0.007938016876567621,0.00980830294611935,0.004828490892163162,0.004249216301939543,0.013108371900158485,0.014163427747515996,0.02999778614124419,0.04505202568076157,0.09900462988298386,0.011283864814563923,423.04113274405245,0.007938016876567621,cuda,True,44,not-a-git-repo,50,6
amazon_video_games,NCL,0.0072012931747080875,0.011645202026173812,0.00208570777296558,0.0016981992249829041,0.0045199769014874725,0.005959684744027624,0.003234584175132446,0.002964142752419047,0.006131119722412178,0.006901810282682985,0.019603373603829497,0.030544791429222704,0.016447417023544422,0.024876399789187133,0.005252379898162497,0.004148217843701572,0.011803545511732497,0.01471215512903208,0.007962109771151263,0.007110703527451757,0.01783605848803989,0.019441853790529946,0.04776400265663051,0.07089882665485941,0.017717956914566457,0.002019370516818607,72.51225398899987,0.011803545511732497,cuda,True,44,not-a-git-repo,50,6
amazon_video_games,DirectAU,0.0041846185499964505,0.006865200801050068,0.0010713471620697516,0.0008946888534305903,0.0026733729474515957,0.003520222972878726,0.0017059392901255166,0.0015830685503925076,0.003532578216302857,0.0039588846700353685,0.010257579211306132,0.016526099840437656,0.01230587307746308,0.019312840540480554,0.0037746291786584017,0.0029942439672348904,0.008998163107739782,0.011244371459318234,0.005777196115796259,0.005184662859774645,0.014125275414571408,0.015336393733171885,0.034646889528448084,0.0524131060438344,0.017540151020511985,0.0019991054274574862,248.0685827640118,0.008998163107739782,cuda,True,44,not-a-git-repo,50,6
amazon_video_games,LightGCN,0.0054563870275247,0.00888610795205237,0.0015044449509915658,0.0011682242990654205,0.00363672779139186,0.004676804935554447,0.0023585783824551284,0.0020649739782673156,0.005485181687597917,0.005933172593054096,0.01447458399817643,0.020857077729655803,0.013905767998133757,0.020416416790131498,0.004433252158512287,0.003187956608368386,0.010544282843613336,0.012550635956849441,0.006723126477524097,0.005514795900444398,0.016719399552308563,0.017777001275239526,0.03885322116448971,0.05423953951737879,0.03972203494049609,0.004527243553737872,210.1695113289752,0.010544282843613336,cuda,True,42,not-a-git-repo,50,8
amazon_video_games,NGCF,0.0024626486354989018,0.005000087895071738,0.000558468201504445,0.0004900843400957374,0.0014750161738891153,0.0021813684627577977,0.0009104652541466231,0.0008926731882035999,0.0017026767397179975,0.00197416148863519,0.00501481650330522,0.009003875085479826,0.007493589311953062,0.012786986355372466,0.0021087004649103388,0.0018208988266548594,0.0046127892190983705,0.006283568603300102,0.003291243158280154,0.003187841109210858,0.006214815459059427,0.007084369932742114,0.019205224706663714,0.032045605490369715,0.06333468580851331,0.007218450627822352,218.3926041870145,0.0046127892190983705,cuda,True,42,not-a-git-repo,50,8
amazon_video_games,Sheaf4Rec-official,0.004545861156889416,0.007017495247949783,0.0009915659904262593,0.0008149076817870983,0.0028290583605711933,0.003608216500592725,0.0016280200896390598,0.0014602442789931505,0.0033587240078008255,0.0037585796761425427,0.009801686801914749,0.015500341919307043,0.010214897722374978,0.015267633234503584,0.0031492140801416867,0.0023411556342705334,0.007685066217796348,0.00930489592980658,0.004814221881689532,0.004059780128583315,0.012526157795418366,0.013415814138274043,0.02905689617002435,0.0417312375470445,0.09957134904107079,0.01134845555517105,539.6379176020273,0.007685066217796348,cuda,True,42,not-a-git-repo,50,8
amazon_video_games,NCL,0.007726760354912172,0.012077083500396718,0.00223387280601778,0.001641212673808981,0.00469365027808699,0.006025813039626862,0.0034657635828128606,0.0028897265741746653,0.006150386603999551,0.006819476234154662,0.021312970139047184,0.03065876453157055,0.017215656166208404,0.02604600668430135,0.005506973655080806,0.004156519814035864,0.012182830910740239,0.015070736182654946,0.00834464722682879,0.007168985870487978,0.01837832210590679,0.01988324009208862,0.050309940225813594,0.0723931813150321,0.017585903930012137,0.002004320028494659,68.25768785300897,0.012182830910740239,cuda,True,42,not-a-git-repo,50,8
amazon_video_games,DirectAU,0.005153693026237714,0.007693626740311389,0.0012878960565306588,0.0009972646455436516,0.0033561757703427903,0.0041567819029237766,0.0020608023392291812,0.0017656605297379265,0.004646665291753052,0.005039562456075394,0.012081148848871666,0.017893777068611807,0.012354440992338055,0.01858172485591686,0.0036307283595306615,0.0028254372371042725,0.008598897641552554,0.010622472852920083,0.0056121544025789305,0.004905040388763098,0.012701751056854,0.013801191012931438,0.0335399601505424,0.049867168474651315,0.01765350386267528,0.002012024602538783,186.37579316901974,0.008598897641552554,cuda,True,42,not-a-git-repo,50,8
amazon_video_games,LightGCN,0.006148254302189974,0.008794112692292721,0.0016868019147481196,0.0011796216093002052,0.0038307371540333528,0.004638601202209384,0.0026473038207108896,0.0020802088872154717,0.005132543481643094,0.0055056702069918705,0.015386368816959197,0.020743104627307954,0.014340032357733762,0.020234367213726356,0.0045328758025238,0.0031851892849236218,0.010717489001345545,0.012565289101059614,0.006888348645563758,0.005503971831412459,0.017013724167255273,0.017997459584016662,0.03973876466681426,0.053686074828425946,0.03970281599322334,0.004525053110693337,201.14282046700828,0.010717489001345545,cuda,True,43,not-a-git-repo,50,8
amazon_video_games,NGCF,0.0028294754774217386,0.005301413458601596,0.0006268520629131525,0.0005755641668566218,0.00192006918175379,0.002613247488636178,0.001026327811404205,0.001038392117487296,0.0026534023684696125,0.002962962738599806,0.006154547526783679,0.010713471620697515,0.00793677685446269,0.012686246383876807,0.0022747398715961924,0.0018596413548815586,0.0051777365975345675,0.006672002171008579,0.0035360276533133667,0.0032437853003377762,0.006937635950254944,0.0077078354169251235,0.020699579366836397,0.032433030772636706,0.06327397091081366,0.0072115307625727895,277.29571389296325,0.0051777365975345675,cuda,True,43,not-a-git-repo,50,8
amazon_video_games,Sheaf4Rec-official,0.004175783857828895,0.00596539259124889,0.0009687713699566902,0.0006667426487348985,0.0028868603245918874,0.00338346748594402,0.0015726840006471147,0.001199427186904755,0.0038612006614058125,0.004083816004343936,0.009345794392523364,0.012651014360610896,0.00914256090564977,0.013317750995981386,0.002579145450520257,0.0018817799424396724,0.006964152221875126,0.008259831549062102,0.004023304056494986,0.003297611854494124,0.011164195402904722,0.011910483819132931,0.024297099845029885,0.034978968341819794,0.09906828799284995,0.011291120126834961,655.0088186209905,0.006964152221875126,cuda,True,43,not-a-git-repo,50,8
amazon_video_games,NCL,0.007443416404348683,0.011544468981011016,0.002005926601322088,0.0015557328470480966,0.0045388311882661415,0.00581554171651182,0.0031602084845983093,0.0027419592203561678,0.005936777491940473,0.006640530684457788,0.018691588785046728,0.02894916799635286,0.017008625883891723,0.02547871965113036,0.00520810272304627,0.003943435908789019,0.011618539843338566,0.014369566548804495,0.00797441174606675,0.006829798569830634,0.016736574527973686,0.018184218336275478,0.04643568740314368,0.06752269205224706,0.01760628301417455,0.0020066426959396574,67.84238116099732,0.011618539843338566,cuda,True,43,not-a-git-repo,50,8
amazon_video_games,DirectAU,0.00451957404945346,0.00696354005985529,0.0012081148848871665,0.0009345794392523364,0.0030589906883915596,0.003804396456150458,0.0019065856212120106,0.0016479825014260791,0.004727034419876908,0.005104293961089934,0.0111693640300889,0.016868019147481195,0.012174998059990625,0.018567291968790058,0.0037580252379898166,0.002916758910781492,0.00876644787472981,0.010823264918036552,0.005743285392386425,0.005041536589409721,0.013528631694726446,0.014664040527389753,0.03392738543280939,0.050697365508080586,0.01790226699085906,0.0020403769080076435,279.1431599680218,0.00876644787472981,cuda,True,43,not-a-git-repo,50,8
amazon_video_games,LightGCN,0.005405335876633112,0.008764421703806471,0.0015500341919307042,0.001230909505356736,0.0036187302967166427,0.004679368327536891,0.0024092047856717654,0.002158649825286467,0.005183921832542757,0.0057175710025019946,0.014588557100524277,0.022224754957829954,0.014398802730921909,0.01996082467891643,0.0046491033872038965,0.0032682089882665483,0.010502916194895818,0.0123121309750932,0.007028753935773428,0.005616776622181262,0.01644897055567855,0.01743779595068388,0.04067965463803409,0.05501439008191277,0.03972021397203207,0.00452703601231275,109.10347496898612,0.010502916194895818,cuda,True,44,not-a-git-repo,50,8
amazon_video_games,NGCF,0.0025378382167650488,0.004761477074358293,0.0005926601322087988,0.000541372236152268,0.0016249452173456313,0.0022647128576184354,0.000960917633810949,0.0009722062009282036,0.0021049294271313873,0.0024053996994735922,0.005698655117392295,0.01002963300661044,0.006901725779269444,0.01176760986868753,0.002058888642904583,0.0017323444764224044,0.004771852403792021,0.006290575117502383,0.003171631799760453,0.003020092281141505,0.006819365817317998,0.007554932095183715,0.01843037414212973,0.02916758910781492,0.06314389401813969,0.00719670549557097,182.67651821003528,0.004771852403792021,cuda,True,44,not-a-git-repo,50,8
amazon_video_games,Sheaf4Rec-official,0.0050507172548370826,0.007621087653749947,0.0011397310234784591,0.0009174834739001596,0.003199317895977513,0.00402246676870676,0.0018597874943305879,0.0016377967392735048,0.004069111118347498,0.004506098727944725,0.010713471620697515,0.016868019147481195,0.011525096732041745,0.016578147706776337,0.003370599955722825,0.002438011954837281,0.008465297665759618,0.010054997979351617,0.005215800421960788,0.004250881672998039,0.013706640873455132,0.01459756731619272,0.031713526676998005,0.044664600398494576,0.09913131600478664,0.011298303624890203,461.86274429102195,0.008465297665759618,cuda,True,44,not-a-git-repo,50,8
amazon_video_games,NCL,0.0066750020821215224,0.0103961752479942,0.0018121723273307499,0.0013676772281741509,0.004232488924072124,0.005357409513088027,0.002850478492494277,0.0024173394176089874,0.0057693455773008984,0.0063314458597745265,0.017437884659220425,0.02564394802826533,0.0165025563350834,0.024536838027640694,0.005053132610139473,0.003791233119326987,0.011686606306030998,0.014351730233085693,0.007737132019243979,0.006567681399226569,0.017790595317161623,0.019186839408402205,0.04621430152756254,0.06608368386096967,0.01782450097380206,0.002031513673786421,72.69690412201453,0.011686606306030998,cuda,True,44,not-a-git-repo,50,8
amazon_video_games,DirectAU,0.005265147364112008,0.007046117184110137,0.0013220879872350125,0.0009288807841349442,0.003512367767169862,0.004074534159756325,0.002113477873442347,0.0016413804445202071,0.005133357575231293,0.005415566166947958,0.01253704125826305,0.01675404604513335,0.01279188213398282,0.01850742006739235,0.0038355102944432145,0.002866947088775736,0.009098913348328456,0.010946827724711053,0.0059015141215187795,0.004964806087149902,0.01408868524902397,0.015154958499714823,0.035034314810715075,0.050697365508080586,0.01781746803317219,0.0020307121077242068,279.4183936699992,0.009098913348328456,cuda,True,44,not-a-git-repo,50,8
