dataset,model,n_layers,epochs,Recall@10_mean,Recall@10_std,NDCG@10_mean,NDCG@10_std,Recall@20_mean,Precision@10_mean,Precision@20_mean,NDCG@20_mean,F1@10_mean,F1@20_mean,MRR@10_mean,MRR@20_mean,HitRatio@10_mean,HitRatio@20_mean,val_Recall@10_mean,val_Recall@20_mean,val_Precision@10_mean,val_Precision@20_mean,val_NDCG@10_mean,val_NDCG@20_mean,val_F1@10_mean,val_F1@20_mean,val_MRR@10_mean,val_MRR@20_mean,val_HitRatio@10_mean,val_HitRatio@20_mean,infer_total_s_mean,infer_ms_per_user_mean,train_seconds_mean,best_val_NDCG@10_mean,epochs_mean,n_layers_mean,Recall@20_std,Precision@10_std,Precision@20_std,NDCG@20_std,F1@10_std,F1@20_std,MRR@10_std,MRR@20_std,HitRatio@10_std,HitRatio@20_std,val_Recall@10_std,val_Recall@20_std,val_Precision@10_std,val_Precision@20_std,val_NDCG@10_std,val_NDCG@20_std,val_F1@10_std,val_F1@20_std,val_MRR@10_std,val_MRR@20_std,val_HitRatio@10_std,val_HitRatio@20_std,infer_total_s_std,infer_ms_per_user_std,train_seconds_std,best_val_NDCG@10_std,epochs_std,n_layers_std
amazon_video_games,DirectAU,1,50,0.004344596675545947,0.00010689613620476485,0.003027651626193768,0.00018535260353044018,0.007238234061740148,0.001170123850771218,0.0009212825773117543,0.0038876237059351274,0.0018429933709750072,0.0016340006887511354,0.0042696042781522605,0.004661592511552568,0.010979408859509154,0.0167160550110174,0.012224704657239379,0.01907085273680049,0.003734041768135193,0.002942587262932625,0.008811055516868714,0.010999556954033284,0.005720291007471109,0.005098447273438271,0.013455312265363185,0.014619257135658453,0.03392738543280938,0.051361523134824,0.018373623344814405,0.002094098853979303,271.2331527773446,0.008811055516868714,50.0,1.0,0.00020698521962674173,6.196150152078143e-05,3.7609204986747423e-05,0.0002070549193838953,8.102462530679407e-05,5.8139094531673024e-05,0.0005236768377536514,0.0005424327839092963,0.0005685977337244798,0.00038743404859758085,0.00027395274089949214,0.0005565506016842538,9.547154477850778e-05,6.114609039619419e-05,0.0001351459813690815,0.0002265840751693847,0.0001335141404355171,0.00011169035341076617,0.0003306139984015078,0.0003547240397087622,0.00075211486645412,0.0008586138497690279,0.0003073033087880631,3.502431146433371e-05,55.307038608617844,0.0001351459813690815,0.0,0.0
amazon_video_games,DirectAU,2,50,0.004719441465944291,0.0002541853577247138,0.003156275268206807,5.4092587062906646e-05,0.007089392759588969,0.001200516678063977,0.0009364789909581339,0.003909422500225336,0.0019127772634783336,0.001654233755939083,0.004457509138954318,0.004850387132531782,0.011321328166552694,0.017095965352176886,0.0123807053120967,0.018471524064978855,0.0037340417681351926,0.0028512655892554057,0.008901897376481166,0.010862918768255625,0.005737154211287288,0.004939966407130397,0.013486382425944082,0.014542952339165182,0.03409342483949524,0.04981182200575603,0.017629822987752657,0.00200932561975754,303.6875167026592,0.008901897376481166,50.0,2.0,0.00021322571817597517,1.4214943343111982e-05,7.107471671555999e-06,3.353846801049683e-05,8.582249247199328e-06,1.1306078136724294e-05,0.00017862309037320695,0.00018167883911778332,5.3727435695353035e-05,9.305864838474149e-05,0.0004969796569019172,0.0008994842218031434,0.00018313651367025857,0.00014024139471089956,0.00027111473880050903,0.0003245177312931793,0.00026539730029385083,0.00024237785101114765,0.0002520476452469778,0.0002440492018811818,0.001291681135282585,0.002130659348563223,0.00012237178406661678,1.3947091869912896e-05,128.3426184623111,0.00027111473880050903,0.0,0.0
amazon_video_games,DirectAU,3,50,0.004872663738357295,0.00011393576145706236,0.003330133323118437,0.00011244120692124465,0.007468896469082696,0.00124990502241471,0.0009554745080161082,0.004120707469618537,0.0019893543082532042,0.001694192397373464,0.004751185862993477,0.005144840915876892,0.011739229541828128,0.017475875693336373,0.012187190788058968,0.018607100782453378,0.0037672496494723638,0.002901077411261161,0.009056516567659156,0.011096661499975667,0.005754779333541249,0.005019276264265023,0.014104952425463828,0.015227649690441526,0.03401962954763486,0.05043908198656926,0.017628259306851152,0.0020091474021941137,262.281597086665,0.009056516567659156,50.0,3.0,0.0003918380210885302,1.0745487139070696e-05,4.221964662809224e-05,2.695393302510639e-05,2.07314127409195e-05,7.633004815755308e-05,8.887215573987382e-05,8.65556133827766e-05,0.00042644830029335996,0.0009321361709889293,0.00021137747355099714,0.0003634558957910155,9.50427781889986e-05,8.172849396109765e-05,0.0002834407148908235,0.00034170499333991826,0.00012126346908085918,0.00013130139512731036,0.0006073771657943032,0.0006380397815157752,0.0009264909991505945,0.0016994961187995748,0.0001261284578657167,1.4375251637305164e-05,24.234538180665155,0.0002834407148908235,0.0,0.0
amazon_video_games,DirectAU,4,50,0.005071053790620679,0.00041854352426889805,0.003450137468738902,0.00017954791896450373,0.007496889806665265,0.0012992933667654433,0.000949775852898716,0.00417690825606211,0.002066162135193043,0.0016858855848281308,0.004788860305158459,0.005159852629751205,0.01196717574652382,0.017361902590988524,0.012518103001976859,0.01912978151951013,0.003782008707844439,0.002949044350970408,0.008932111899866323,0.011066031119452022,0.005808838821137203,0.005110261489703483,0.013501661272582238,0.014670894792289474,0.03405652719356505,0.05106634196738249,0.017836537706898525,0.0020328855375995585,334.5783054359975,0.008932111899866323,50.0,4.0,0.00018663587138494284,6.447292283442425e-05,4.3233062368896876e-05,5.087445649501665e-05,9.724913528330545e-05,7.288082829742267e-05,7.432837435705695e-05,1.9135793464388752e-05,0.0007268112783872422,0.0008340740977167444,0.0002758038882868603,0.00018586185555938059,5.391350895211588e-05,4.773577238925394e-05,0.00024261152569243102,0.00022934532364825194,9.073322665735722e-05,7.824053898451984e-05,0.0003826629123402913,0.0003638640099050438,0.00047895930137064203,0.00024888822897261935,0.00011662558466523718,1.3292179697428532e-05,81.92320634359399,0.00024261152569243102,0.0,0.0
amazon_video_games,DirectAU,5,50,0.005029683099515632,0.0007061334528830885,0.0033188351167675757,0.00038150768586897165,0.007110889802878567,0.001280297849707469,0.000906086163665375,0.0039369048593824426,0.0020385172548206066,0.00160716643933082,0.004668736273477554,0.004976756505098758,0.01170123850771218,0.016298153635741965,0.012408669424257638,0.018725881049323795,0.0037045236513910413,0.002867869529923991,0.008836680907962115,0.010877521153651716,0.00570536642930895,0.004973956267267272,0.0133011913839897,0.014394965538776143,0.03401962954763486,0.05012545199616264,0.017897974622125428,0.00203988769342665,251.7083751113581,0.008836680907962115,50.0,5.0,0.000367378621768024,0.00010037113299614692,2.462100409698298e-05,0.00027941892617156785,0.00017712098776231412,4.6270455354913575e-05,0.0006912943818695194,0.0006578296031531118,0.0009685851214939565,0.00040563324413157506,0.0003255681849024102,0.0005534854514230201,0.00014249849839367948,9.374471268476478e-05,0.0003334342816096607,0.0003979403391019128,0.00020170634947688025,0.00016034185017501339,0.0008977060246870212,0.0009074832796673908,0.0014498474433169892,0.0015499207423517259,0.0002220027679889505,2.5302344197509805e-05,54.28593016132264,0.0003334342816096607,0.0,0.0
amazon_video_games,DirectAU,6,50,0.0045231473169238074,0.00023950452896466827,0.0030879582739854108,0.00029904273750622575,0.00723289641088325,0.0012385077121799255,0.0009649722665450953,0.003920911329307021,0.0019436261433230363,0.0017026340648792807,0.0044458856916117,0.004850461862043894,0.01170123850771218,0.017703821898032063,0.012511396925011463,0.019409956878553968,0.0038059921776990627,0.00295919120360121,0.009080126768109069,0.011262693210353827,0.005836468586571726,0.005135350051770908,0.013967625829757774,0.015122560648079228,0.03483137775809903,0.05187809017784665,0.01779649460998674,0.002028321701616907,262.06899921033374,0.009080126768109069,50.0,6.0,0.0002839665348786375,0.00012392300304156286,5.018556649807349e-05,0.0002964446413883094,0.00017387643388198421,8.488762811702534e-05,0.000694478903518296,0.0006890951268095873,0.0010376491363686387,0.0008340740977167463,0.00041415888426437616,0.0005588921396059306,0.0001262363323338204,0.00010027066815512629,0.00030602088709838547,0.00035625653466317614,0.00019294315521912732,0.000169391462316796,0.0003347560378770322,0.00037610676513394467,0.001316992716225723,0.0018246622731278976,0.00018700188641061714,2.1313185139117518e-05,93.46432660562911,0.00030602088709838547,0.0,0.0
amazon_video_games,DirectAU,8,50,0.004979471479934394,0.000328364383249233,0.003309178075301404,0.0001880501376314114,0.007234427994758939,0.0012726996428842792,0.0009535749563103108,0.00401190417294352,0.0020269552779611797,0.001685007825228071,0.004835685762287084,0.005186474194704429,0.011929184712407871,0.017171947420408784,0.012440440395437166,0.018552145630699755,0.0037414212973212306,0.0028697144122205,0.008821419621536939,0.010797521831889229,0.005752317972161379,0.00497046102177424,0.013439689333534807,0.01454006334667867,0.03416722013135562,0.05042063316360416,0.017791079628902178,0.0020277045394235444,248.31244893568024,0.008821419621536939,50.0,8.0,0.00032644791447769843,4.775398940041235e-05,3.0980750760390675e-05,0.0001505230042452802,8.778883253047309e-05,5.709372906261332e-05,0.00021302766699025469,0.00016413386964138842,0.0005685977337244802,0.0005125270710140573,0.0002590796700969993,3.216995562713157e-05,8.442226543168455e-05,3.733323434589357e-05,0.00020779853458886935,0.00013366263645692855,0.00011830314833590382,5.58676227758971e-05,0.0005696956328094852,0.0005595827958224782,0.0006332005867364175,0.00039135863470585956,0.00010325707206089538,1.1768528842135185e-05,43.7959734379469,0.00020779853458886935,0.0,0.0
amazon_video_games,LightGCN,1,50,0.00436930826826662,5.1542338074585134e-05,0.0031231854801983404,0.00016189688757713806,0.007061057189455394,0.0011283337132436744,0.0008984879568421852,0.003952951760421962,0.0017930375118667867,0.0015938077809900992,0.004701691987992421,0.005087357509652024,0.010789453688929413,0.01645011777220576,0.012708122441656216,0.018547749973528423,0.003866873293483876,0.0028226699136595086,0.009410735002510384,0.011244447565809867,0.005929046132331889,0.004899670116868697,0.014710234879871805,0.015731161167208664,0.03488672422699432,0.04968268024500037,0.015045927003181228,0.0017148309782517926,54.65080700533387,0.009410735002510384,50.0,1.0,0.00032446588843118964,5.66053659514905e-05,7.91454549654269e-05,0.00023881939955508921,7.495823682113196e-05,0.00013247392339556292,0.0003704406242884803,0.0004046805654868437,0.00042981948556282753,0.0012702874779500412,0.0003765952541437798,0.0002668842015784936,0.0001482578451986161,5.4836779380495364e-05,8.880792538057015e-05,1.0487570571309808e-05,0.00021028644674530968,9.188179395951075e-05,5.011715610099323e-05,8.738211353558727e-05,0.0013053112649478798,0.0009716769302829086,0.00014364475749576268,1.637163864779614e-05,5.624969356267084,8.880792538057015e-05,0.0,0.0
amazon_video_games,LightGCN,2,50,0.005028318844690534,0.00026074554317919953,0.0034152167843942856,0.00020845019210525252,0.008172560916445713,0.0012992933667654433,0.0010219588177190183,0.00438512704529641,0.0020644664092586587,0.0018164400168301082,0.004829881576519371,0.005273459950141547,0.012309095053567358,0.018615606716814833,0.013733844017962715,0.020052002911905984,0.004202641871448602,0.003094790052394657,0.010248428096757778,0.012250163188491855,0.006435277528189959,0.005361841014771066,0.016203864764856576,0.01731612854116994,0.03737731532728212,0.053427791306914614,0.01596344234227824,0.0018194030479004146,69.29244972099939,0.010248428096757778,50.0,2.0,0.00023739556221586913,2.4621004096982902e-05,2.295237059037038e-05,0.0002026203004762862,4.901045720870865e-05,3.5181917026471375e-05,0.00046980354768978467,0.00045891165003258554,0.00027917594515422626,0.0003760920498674745,0.00022323212245686943,0.0003450384504651445,8.973792714202129e-05,6.0008323988231946e-05,5.480664220068462e-05,0.00011791345631196796,0.00011528157726890176,9.78062826706491e-05,0.00010539890248038957,0.00010529231073549001,0.0009695729719925406,0.0009286925650249574,0.00020610601065375352,2.3490541446746295e-05,5.0849028785662,5.480664220068462e-05,0.0,0.0
amazon_video_games,LightGCN,3,50,0.005429477848333152,0.0002117007652152827,0.0036386592631606333,0.0002923807099717262,0.008423977968957662,0.0014550566066408328,0.0010979408859509157,0.004575838792489072,0.002294653667654771,0.0019425170729264597,0.005275190769264168,0.0057110986484669,0.013828736418205303,0.019983283944988984,0.014107559747303317,0.020338006358000624,0.0043815954542100214,0.0031888790495166407,0.01048986330246098,0.012466724815720443,0.006686319664762585,0.005513286153552733,0.01660527308357727,0.01769235265209966,0.03883477234152461,0.05433178363220426,0.019245386007241905,0.002193456349127183,86.79548531300195,0.01048986330246098,50.0,3.0,0.00032032102814419367,4.68384925383252e-05,3.4922833201979784e-05,0.00031422574158189095,7.097074109994523e-05,6.0582903728611535e-05,0.0006068605650905644,0.0006248270055848364,0.00041962468722693037,0.0007464053910944655,0.00014105470471168616,0.00027744751852589247,9.308889241784992e-05,5.77097347783083e-05,7.530106266180484e-05,9.164344242183367e-05,0.000124270825349409,9.627356646155615e-05,0.0001223756686581972,0.00011426196068526227,0.0008287608827841538,0.0008287608827841571,0.000259090726654602,2.9529373906382887e-05,9.737116092099537,7.530106266180484e-05,0.0,0.0
amazon_video_games,LightGCN,4,50,0.00582885658712379,0.0003569297833204604,0.0037200673601823545,0.00027476832801711244,0.008419609921384007,0.001557632398753894,0.001107438644479903,0.004522552933783731,0.002458169451248129,0.0019573228906256167,0.00519310299912078,0.005557570353352078,0.014702530202872122,0.019983283944988984,0.014264196195198356,0.02071942628987035,0.004462770275256438,0.0032285440188915947,0.010630485778662655,0.012648769826259803,0.006798033072018661,0.005586407039891808,0.016867465998526437,0.017934868780266816,0.03948048114530293,0.054829901852261824,0.023256843337245908,0.0026506545859637464,108.08132612499564,0.010630485778662655,50.0,4.0,0.0001908720626207821,7.521840997349494e-05,4.196246872269299e-05,0.00023791558952151296,0.00012461635336329503,6.999135224801183e-05,0.00047566306472395306,0.0004808744974722101,0.0008877229272508105,0.0008443929325618446,0.00012921714994091723,0.00018625815776730185,9.264909991505927e-05,3.993222054075966e-05,7.788765685484837e-05,7.729249236480907e-05,0.00011261977044900483,5.9306499879654425e-05,0.00012735351026476458,0.00012871663596544173,0.0007319324929849258,0.0006843493834769167,8.109288937267682e-05,9.24240818015464e-06,8.769872105367641,7.788765685484837e-05,0.0,0.0
amazon_video_games,LightGCN,5,50,0.005828977226019831,0.0002834268493786122,0.003760552898188772,0.0002520827574254664,0.008687089754750094,0.0015804270192234634,0.0011625256439480281,0.004659651206646138,0.0024863157440893763,0.002050575688649963,0.0053222875909221925,0.005747060847890875,0.014968467441683763,0.020971050832003648,0.014328749966714469,0.02063038809508776,0.004542100214006347,0.0032691314294148034,0.010696224299205512,0.012691668566335327,0.006897522331869125,0.005643871730588838,0.016988825577213887,0.018060883969712397,0.04001549701129068,0.055346468895284474,0.027475809697837878,0.0031315032707816136,124.5263806146686,0.010696224299205512,50.0,5.0,0.00028638177916241573,8.942027426441624e-05,3.512886940374382e-05,0.00024737321957240264,0.0001340339247810609,6.174407033813305e-05,0.000414945274258041,0.00040305810581554104,0.0007804360832829634,0.0006514105386931933,0.00012289576381361862,0.00018859633988869973,4.1988807751239585e-05,4.1190896542259056e-05,4.6346088290677225e-05,5.1846438155122256e-05,5.285257991383334e-05,6.693009041386658e-05,3.595498078873093e-05,2.481323197057465e-05,0.0006406816970771652,0.0007058935307250027,8.626753459742884e-05,9.832178549969115e-06,7.149744867709991,4.6346088290677225e-05,0.0,0.0
amazon_video_games,LightGCN,6,50,0.0059087317165333825,0.0003956201203568965,0.0038583738545555045,0.00017627165410362416,0.008749192356699445,0.001614618949927817,0.0011663247473596232,0.004733390886337971,0.0025356657382333055,0.002058191744596583,0.005481910237437933,0.005882056780340373,0.01527239571461135,0.020971050832003648,0.014461028220000728,0.02061428980127128,0.004626964799645783,0.0032940373404176816,0.010744529620163541,0.012689709671414362,0.007010332045530845,0.0056801935488937985,0.01713665775266395,0.018194143156803566,0.04051361523134824,0.05567854770865619,0.03152409999165684,0.0035928994747728336,137.69011976965703,0.010744529620163541,50.0,6.0,0.0001532524248857063,5.291538742186819e-05,1.937170242987917e-05,0.00010126795891223929,0.00010074091744920549,3.207226678014167e-05,0.0002320373497669107,0.00019603612143141854,0.0005181286261296953,0.00016118230708606115,0.00021622112895726316,1.7448948023742153e-05,0.00011853279023104584,5.806252299408261e-05,7.804198781499057e-05,4.873962471667209e-05,0.000155483518876563,8.702914604532477e-05,0.00012629367905494525,0.00011341508300392427,0.0008466381747165357,0.000791796315175076,0.00013506207758767029,1.539344399221231e-05,17.683024094821143,7.804198781499057e-05,0.0,0.0
amazon_video_games,LightGCN,8,50,0.005669992402115929,0.0003388238370192452,0.003695398414047285,9.598058261755676e-05,0.008814880782717187,0.001580427019223463,0.0011929184712407871,0.004664924821766908,0.002471695662945928,0.0021012775635897516,0.005267215667261256,0.00571880460084932,0.014816503305219969,0.02127497910493124,0.014214867695596475,0.02020386956092476,0.004538410449413328,0.003213784960519519,0.010588229346618233,0.012476018677667419,0.006880076352953761,0.00554518145134604,0.016727364758414128,0.017737418936646692,0.03975721348977935,0.05431333480923917,0.0397150216352505,0.004526444225581319,173.4719355883232,0.010588229346618233,50.0,8.0,5.180328778465522e-05,7.748680971951664e-05,2.726369594713049e-05,1.8643005025493118e-05,0.0001258820267310261,4.104231898753603e-05,0.00015554597016390057,0.00017452929810566836,0.00040563324413157474,0.0006732028397032661,0.00021987944639404407,0.00018724070616928015,8.82077565337018e-05,3.850017850104993e-05,9.29474534766737e-05,0.00011604040373968251,0.00012490892396130283,5.081791995477944e-05,0.00023062848021362055,0.00023018965624772755,0.0007457524511625586,0.0005447872134983912,8.66264988357486e-06,9.87309081784461e-07,45.664313775323066,9.29474534766737e-05,0.0,0.0
amazon_video_games,NCL,1,50,0.008466903341924263,0.00038167337568907345,0.006123351775797605,0.000633874456092128,0.012739603678678728,0.002697363422232353,0.0019565382569713546,0.007476115479465297,0.004090289947551513,0.0033920614743158457,0.010047648596201138,0.01072640737937375,0.025150064584757995,0.034761796216093,0.018338631766925798,0.02706150932799548,0.006392517157405357,0.004643568740314368,0.014142074558238937,0.017017427774389207,0.009478427343521879,0.007926686209014358,0.024028193608390636,0.025517380960177128,0.056268910043539226,0.07755885174525866,0.018200008014294628,0.0020743113761448177,73.27306858366744,0.014142074558238937,50.0,1.0,0.00042338549082058846,0.00019549700372720305,7.521840997349498e-05,0.0006163839712711506,0.00026501458199994514,0.0001274667294557825,0.001838813592020825,0.0017778464426884432,0.0014214943343112006,0.0006710554567531231,0.0005547939068866599,0.000565979663301546,0.0004025734395095814,0.00017045454499041966,0.001031454672057342,0.0009692842440072242,0.0005163435979328979,0.0002725001038556683,0.002544604596469556,0.0024988544912053993,0.00240415841955509,0.0018106182785603022,0.0004978489250609798,5.674138648974011e-05,0.43184724738927704,0.001031454672057342,0.0,0.0
amazon_video_games,NCL,2,50,0.007542346085496632,0.0005137157859577201,0.004938587994054126,0.0006488801048110773,0.011671227313650645,0.0021806853582554517,0.001645011777220576,0.006234179194607313,0.003374515735562447,0.002882566381201926,0.0070800664059155055,0.00772368984231573,0.02062913152496011,0.029974925917483478,0.01748851720542502,0.02560082216426594,0.005636115415836469,0.004177735960445724,0.012714195688386415,0.01540671516979837,0.008520549185638457,0.007181495818134606,0.02024567975420311,0.021698035607385032,0.05066046786215039,0.07159988192753303,0.017652382996554177,0.002011896853949644,72.67514994066248,0.012714195688386415,50.0,2.0,0.0012618487943398462,0.0004030990154152735,0.00026616779871724045,0.0008513893149769419,0.0005414030651386511,0.0004479585871938164,0.0013768726523090765,0.001449968134043605,0.0034204592038135024,0.004264483002933601,0.0012667127983639764,0.0015917330923275672,0.0006827510332790108,0.0004353316337021031,0.001160929650465,0.0012706126271192172,0.0009320019061852267,0.0007062172022591369,0.0024742428767791785,0.0025046917214050766,0.005532863215892533,0.006170793457807247,0.00016475797485969923,1.877797753130843e-05,0.11807277509146838,0.001160929650465,0.0,0.0
amazon_video_games,NCL,3,50,0.008263308373826316,0.000837986474717658,0.005886550686216979,0.0008075929867488661,0.012719835984514545,0.0026935643188207583,0.0019318440847959882,0.007270685352196514,0.004060561985033242,0.0033538247941733977,0.009072605690453877,0.009749482507860062,0.024542208038902818,0.03430590380670162,0.018965937601881363,0.02752585503942526,0.006503210095195926,0.004674931739355029,0.014485070289796198,0.01728552182254199,0.0096834746819439,0.007991804237943245,0.024225464236810258,0.02567065920576155,0.05665633532580622,0.07761419821415394,0.017934483961046983,0.0020440487760482085,72.72612597133654,0.014485070289796198,50.0,3.0,0.0007107634264799717,0.0003556171848290118,0.00017152857241044454,0.0007730885613720744,0.0004986720156637351,0.00028280284429783214,0.0016871545337202394,0.0016671280120608863,0.002533748499435161,0.0022870476321392597,0.0010089857676330695,0.0013467341474462866,0.000560413175382345,0.00033605481818049375,0.0008310704760288128,0.0009160845734276227,0.0007518441611135094,0.0005464571971645767,0.0013030432631491002,0.0013172002521639424,0.0034679861670752514,0.003722458651063862,0.00013116715542676118,1.4949527630130278e-05,0.20605236832463034,0.0008310704760288128,0.0,0.0
amazon_video_games,NCL,4,50,0.007473293998074715,0.0004209003187809742,0.005117731306774664,0.000406954457632894,0.0117129565049226,0.002249069219664159,0.0017209938454524733,0.006468866716086708,0.00345281404901491,0.003000625613041274,0.007477977260858501,0.008168903104307172,0.021047032900235546,0.031076665906845987,0.017525996951182555,0.026342178806056216,0.005780016234964209,0.004282894251346764,0.013151748451168071,0.01602667368688856,0.008686097975210106,0.007365199740128587,0.02121581696659182,0.022676825345906666,0.05161980665633533,0.07281750424322929,0.01762901267890508,0.002009233266344322,71.16380163532449,0.013151748451168071,50.0,4.0,0.0007272804657439556,0.0002645769371093406,0.00013747820927529996,0.0004928618099083876,0.0003413858810905115,0.00023060260510410343,0.000943003516314263,0.0009472312015125882,0.0019304530075089283,0.0019900920680356827,0.0005995036962879456,0.0006267483424405731,0.0005824512839998982,0.0003391850094558377,0.0010052572829742366,0.0010401881492484815,0.0007277299136598894,0.0005245699306847272,0.00259909006475791,0.002598959224170345,0.004413010899425723,0.004367425206405314,0.00012372829965925534,1.4101698160389042e-05,2.0724315461474294,0.0010052572829742366,0.0,0.0
amazon_video_games,NCL,5,50,0.00891653454590513,0.0010158105682262233,0.006101944378042803,0.0008622601703795401,0.012906516293221669,0.002704961629055543,0.001909049464326419,0.00735908176063977,0.004148656232082437,0.0033241561984355505,0.009300491591920814,0.009918738821686845,0.025264037687105844,0.034153939670237825,0.018769304454590702,0.026804753173006762,0.006468157331562246,0.004560549036971441,0.014468138933241134,0.017098958670824935,0.009616754193385126,0.007793202989821224,0.024230464453510726,0.025602361246061245,0.05658254003394583,0.0763412294295624,0.01778243330772966,0.002026719091375617,75.91249016965351,0.014468138933241134,50.0,5.0,0.0009480779820729488,0.00044213468660363653,0.0002570508293296449,0.0008708175894875063,0.000628821210006989,0.00041935348932128967,0.0014751291293068824,0.0014642525028272678,0.003664116578126126,0.0036392158695625087,0.001085076635387786,0.0016414157056626004,0.0006671845355941678,0.00046969558355716457,0.001041849058511421,0.0012246062668738317,0.0008777063048246454,0.0007553059359722177,0.0018171881779126058,0.0018826476571324048,0.004253003921015071,0.005235111549690709,3.600114480895197e-05,4.1031621619502865e-06,4.868449517089439,0.001041849058511421,0.0,0.0
amazon_video_games,NCL,6,50,0.00677128398446224,0.0003040932039147807,0.004417048211495265,7.681643857975532e-05,0.010928073832839733,0.0018805561887394575,0.0015158422612263505,0.0057519699122232535,0.002942791676105415,0.002661811056102574,0.0062546358107105765,0.006957792280297345,0.017969759136843705,0.02784742800699035,0.01639708194765629,0.024287250792591652,0.005191498782377684,0.003928676850416943,0.012039862102877242,0.014681273761571486,0.007885641900181208,0.006762646940100946,0.0191569722494562,0.020597974419009814,0.047081396206922,0.0677809755737584,0.017841193281734984,0.002033416147906882,72.47373668832006,0.012039862102877242,50.0,6.0,0.0005407938359011975,0.00015234357310055024,0.00014242838183386897,0.00015597089307791014,0.0002143215790103965,0.00023569729556923878,8.739881410832507e-05,5.816863924786294e-05,0.0012287031098545884,0.002102246840248754,3.8019924523170466e-05,0.00042514519775378664,9.80741927533172e-05,0.0001659830257098792,0.0003869620864127581,0.00038576861129662295,0.0001139894512754391,0.0002601316773941288,0.0014415347226823345,0.0013816523351872071,0.0004874121767258106,0.0022075464088080463,0.00010083969854943884,1.1493013283501221e-05,0.06243046840450857,0.0003869620864127581,0.0,0.0
amazon_video_games,NCL,8,50,0.007281726280460792,0.00044433968854023793,0.0044883234634750845,0.00019162588778986821,0.01133924257646731,0.0020173239115568726,0.001521540916343743,0.00573292142307557,0.003158816853301816,0.002683008404046607,0.005952169891080307,0.0065971509261289925,0.019147481194438112,0.02841729351872958,0.016908946128394508,0.0253538547876908,0.005256069662755516,0.003963729614050623,0.011829325686703267,0.014597344321515044,0.008018730330713174,0.0068554886131817275,0.017635163983680698,0.019084765945588767,0.04765330971883994,0.06866651907608294,0.01767222930599625,0.0020141587994069125,69.59899104534027,0.011829325686703267,50.0,8.0,0.0007014040899463367,0.00017234702867888074,0.00011425767982541272,0.00027905842069120767,0.00025119101373302324,0.00019730484954290774,0.0001559396474502255,0.0002015849930821612,0.0016145072077255343,0.002081548139473098,0.00029953283907847253,0.0006224097975627031,0.0001883587782171089,0.00014981648371205708,0.00025150575659672533,0.0003348177854542482,0.0002499890458540137,0.00024615273109091754,0.0006791921436447108,0.0006973678969475813,0.001880694404453495,0.00269983885025854,0.00010799327874177153,1.2308329010915325e-05,2.197107035031815,0.00025150575659672533,0.0,0.0
amazon_video_games,NGCF,1,50,0.004531233533568394,0.0002730615308513895,0.0028375082459281115,0.0001749649295557473,0.0071235536336886,0.0010941417825393207,0.0008718942329610213,0.003619463049706845,0.00176214979393281,0.0015535985843370648,0.003717317157595252,0.0041027535762057825,0.010447534381885873,0.016184180533394116,0.012340648040477908,0.0189505310016321,0.003420411777728581,0.0026778466533835137,0.008513821618675243,0.010583734006221182,0.005355872698259427,0.004692548632933843,0.012355594034529169,0.013400337670293328,0.031123164342114974,0.046527931517969155,0.019653640338219702,0.0022399863617756674,99.51989264799825,0.008513821618675243,50.0,1.0,0.0002429393261473059,9.848401638793192e-05,4.0295576771515124e-05,0.00015306189463023685,0.00014733346454065695,6.962612979384027e-05,0.0002457285196513372,0.00020640499250778235,0.0007804360832829626,0.0006447292283442423,0.0004041771853946664,0.00038267050168403296,5.092677197934561e-05,2.9053235458681308e-05,0.0002511921838587408,0.00026059731989379315,9.831899348985179e-05,5.625681971037386e-05,0.0003720880471977661,0.00038098309731412626,0.0006168641981145477,0.0005079293003444846,0.0007012152248002889,7.991967458403133e-05,2.4217563988475646,0.0002511921838587408,0.0,0.0
amazon_video_games,NGCF,2,50,0.004758039314198426,0.00022794336509504202,0.003081519643734341,0.00013624528644347837,0.00819162914011437,0.001280297849707469,0.0011397310234784591,0.004193320151035416,0.002016427525452374,0.002000764497373385,0.004402783958858725,0.0050141944247920536,0.012537041258263049,0.021388952207279082,0.013445060547661336,0.021418424406771764,0.004095638698251052,0.003320788133717069,0.009652539007269548,0.012245398703549402,0.006278097386326211,0.005749534374978348,0.014588443364456203,0.015994893146658477,0.037285071212456646,0.058021548225223235,0.024216982351693634,0.0027600846081255563,143.85796039300234,0.009652539007269548,50.0,2.0,0.00019907474592740926,2.3419246269162693e-05,2.830268297574512e-05,0.00012000609434779893,2.1915050381576026e-05,4.353934910618733e-05,0.0004996083466178934,0.00045075169500724164,0.000335527728376561,0.0003874340485975819,6.297196286346171e-05,0.00016444787084469404,7.521148664541211e-05,7.558390681728843e-05,0.0001824116609337314,0.00016239591860198093,8.213517898256903e-05,0.0001094431445038024,0.00041367375064394526,0.000380100937697402,0.00043423372060880376,0.001006771725307524,0.0006792970559664999,7.742159288426022e-05,1.4146490873800337,0.0001824116609337314,0.0,0.0
amazon_video_games,NGCF,3,50,0.0031657318809021596,0.0011598900981828382,0.0020778895437771204,0.0007513087960778951,0.005588380352247843,0.0007104323379682394,0.0006610439936175064,0.002826256775658831,0.00116036065708777,0.0011822161982405937,0.0027668025901442816,0.0031359972279518204,0.006914368209102652,0.012309095053567358,0.0101235242959535,0.016222498756134022,0.0028226699136595086,0.002331931222787986,0.007014045527631906,0.008957983276072895,0.004413904923149339,0.004077582105699578,0.01012227616306651,0.011174324149275675,0.025773005682237473,0.04110397756623128,0.030159529657491174,0.003437375160416135,135.0972437383316,0.007014045527631906,50.0,3.0,0.0014569611593334825,0.0002626057238627073,0.00016930537159149905,0.0008388869187637744,0.0004280566645637714,0.00030330354533969055,0.0009468676811560107,0.0009645671631908026,0.002586182269602235,0.002982235682211133,0.0016846039423324718,0.0025638467793251377,0.0005294201480437512,0.0004044607286640365,0.0013716905618744303,0.0016714582729822193,0.0008072453529293249,0.0006994693481300566,0.002146343424588926,0.002307922873074211,0.0046461008234076635,0.006843046207887634,8.699845502592155e-05,9.91548381877381e-06,48.119883747032546,0.0013716905618744303,0.0,0.0
amazon_video_games,NGCF,4,50,0.0024916933205900538,0.000256744791038403,0.0014922649655713523,0.00019889133097330142,0.005215453324928901,0.0005356735810348758,0.0005698655117392296,0.0023107599623230523,0.0008813771568926638,0.001027436061541287,0.0018158809758992117,0.0021935545049987103,0.005204771673884963,0.010675480586581567,0.008817698126984392,0.01441381835330699,0.002438934395985536,0.002035827614198214,0.005763818345796704,0.0075226478914401,0.0038207688695430938,0.00356771276874493,0.00793991950456418,0.008842969745153171,0.02217548520404398,0.03549553538484245,0.03718958731042221,0.004238612640804902,127.52481911800957,0.005763818345796704,50.0,4.0,0.0006246044962644041,4.056332441315751e-05,7.659693470730174e-05,0.0002999477795338244,6.957908643811562e-05,0.0001365753517036091,0.00024347516917686612,0.0002937302409816488,0.0003760920498674744,0.0012392300304156288,0.0009008708854977084,0.001396225505541063,0.00029406058052494903,0.00021099921325456482,0.0006826533664977803,0.0008433394365805834,0.00044531848704539283,0.0003667324607862207,0.000974477200384835,0.001040236137179272,0.002624276166497498,0.003547454891850697,5.5648365194739114e-05,6.342416821830222e-06,47.162131565405204,0.0006826533664977803,0.0,0.0
amazon_video_games,NGCF,5,50,0.0029703324851140557,0.0003906871330820417,0.0016915671190056564,0.0002119834770235516,0.0048913436302806534,0.0006192538560899629,0.000528075374211686,0.002258127330037029,0.001024728728663235,0.0009531223267873215,0.0019814585662545543,0.002256442985811737,0.006040574424435834,0.01006762404072639,0.008694793009413044,0.014189347546914206,0.002365139104125157,0.002000774850564534,0.005730142454136486,0.007470973110220067,0.0037182362356884846,0.003506901720253678,0.007720964188199078,0.008598075542544785,0.02158512286916095,0.03460999188251789,0.04357555203993494,0.004966440852511391,186.43053614132805,0.005730142454136486,50.0,5.0,0.0006650867604761603,6.334371248587898e-05,5.392853721821437e-05,0.0003047366136195961,0.00010995413545618355,0.00010039372606763932,0.0002665937336907162,0.0003006130139264169,0.0004924200819396594,0.0010250541420281166,0.0003834842837727237,0.0006266621193479275,3.84338179027373e-05,5.265191938908697e-05,0.00016570113777098178,0.000244598487573282,8.239603660867033e-05,9.972739010775082e-05,9.392725009009177e-05,0.00014598844004523823,0.0004782481513104472,0.0010716209675638393,3.0374634073471504e-05,3.4618912780339565e-06,25.359697914055506,0.00016570113777098178,0.0,0.0
amazon_video_games,NGCF,6,50,0.002575349431306131,0.00022596549262350217,0.001579441838415592,0.0001833979621068056,0.004725516693406978,0.0005812628219740142,0.0005299749259174835,0.00221210507337524,0.0009481055310779609,0.0009527009073454157,0.0020072381965475193,0.0023187188754026744,0.005508699946812552,0.009991641972494492,0.008285670228199269,0.013568746574136868,0.002258135930927607,0.0019020736477012767,0.005517149124043827,0.007172113383959528,0.003547905013988673,0.003336384761124845,0.007602159625073063,0.008438731620660092,0.020385949376429784,0.032783558408973505,0.049986442706237234,0.0056971099505627116,235.48756472634463,0.005517149124043827,50.0,6.0,0.00027528236822616176,2.4621004096982997e-05,9.305864838474215e-06,0.00018630471535810206,4.7720648711613416e-05,1.4427213901205746e-05,0.00021188920057876726,0.00019875327476572674,0.00014214943343111974,0.00010745487139070709,0.00047620431617572756,0.0003459119807307897,6.748336343506698e-05,3.5028480455404686e-05,0.00034169194535814504,0.00032861286715994215,0.00011846570931192719,6.336176439351962e-05,0.0005238892845580804,0.0005144200307116095,0.0006584963581128614,0.0005276492379187916,8.820967975993022e-05,1.0053530859349655e-05,11.394282507745718,0.00034169194535814504,0.0,0.0
amazon_video_games,NGCF,8,50,0.002609987443228563,0.00015820791414724501,0.0016733435243295122,0.00018488706830842804,0.005020992809343876,0.0005926601322087988,0.0005356735810348757,0.002353109603004137,0.0009659035664539257,0.0009677571688730331,0.002153669511772999,0.0024475079755695295,0.005622673049160397,0.009915659904262594,0.007444030648561732,0.0124136142026456,0.0021474429931370377,0.0018042948859862743,0.004854126073474986,0.006415381963937022,0.003332967537117991,0.0031505728968967126,0.006657272408877456,0.007449045814950317,0.019445059405209946,0.031215408456940447,0.06325085024582222,0.007208895628655371,226.12161209667102,0.004854126073474986,50.0,8.0,0.000220923193799681,2.7917594515422586e-05,3.5128869403743875e-05,0.00018706569558046184,4.743189986220129e-05,5.957262795707241e-05,0.000389659254716598,0.0004047730295443159,0.0004683849253832521,0.0007025773880748773,0.00042400843380175377,0.00045864171570969125,9.22810050948255e-05,5.327846313258673e-05,0.00023786284933802947,0.0001814804320368147,0.00015166141536042635,9.50485189998771e-05,0.0003165681289685117,0.00026531268439100044,0.0009417938910855458,0.001456639432008849,7.958769034102323e-05,9.070855976866181e-06,39.012828833361155,0.00023786284933802947,0.0,0.0
amazon_video_games,Sheaf4Rec-official,1,50,0.004190750938047084,0.00041350942168045835,0.0026774574937836874,0.00013780207863388065,0.006126507127999284,0.0010067624040726389,0.0007598206823189727,0.003289875733214268,0.0016233991795094993,0.0013519511508684066,0.0034297461354675846,0.0037417491662848587,0.00949775852898716,0.013942709520553149,0.009597688680749943,0.013814089115249334,0.0028521880304036604,0.002047819349125526,0.007281534676833828,0.008609666074381786,0.00439734627840425,0.003566819926131594,0.011972473477620697,0.012700362908389808,0.02686148623717807,0.03741421297321231,0.10340678667610821,0.01178559228129795,532.1354227986594,0.007281534676833828,50.0,1.0,0.0001133450068498024,7.914545496542684e-05,1.9371702429879156e-05,0.00010966031629857813,0.00013395331991703798,3.320517809218145e-05,0.0001586415679076266,0.00015625544687603794,0.00099504603401784,0.0006984566640395963,0.0004707819384528747,0.00047886119411838475,9.716769302829094e-05,4.6361271762707694e-05,0.0001709578952683503,0.00014063466800762962,0.00016481346505136814,8.629098648263321e-05,0.00023118577955498644,0.00018479117132662708,0.0012655946340596627,0.001021538498996911,0.002053184737078706,0.0002340078341781069,81.47199563350941,0.0001709578952683503,0.0,0.0
amazon_video_games,Sheaf4Rec-official,2,50,0.004343025465793999,0.0004736418878326358,0.002917581708867358,0.00022768917976494275,0.006543525840757553,0.001059949851834967,0.000809209026669706,0.003599447795701427,0.0017038923336484635,0.0014402750958658088,0.004014114573722506,0.004390576783958122,0.01025757921130613,0.01557632398753894,0.010188318466124115,0.01532496185279821,0.0030440557892406467,0.0022498339605933142,0.007663923780323702,0.009257581040509487,0.004687424567919743,0.003923641604652223,0.012505886053041246,0.013345431418171842,0.0285403291270017,0.040845694044719945,0.09905120898232174,0.011289173579020031,487.5219892036791,0.007663923780323702,50.0,2.0,0.000639159284735986,0.00013193340440836824,8.617351433944045e-05,0.00027633588981795803,0.00020675860543173028,0.00015189509326698472,0.0002495151581740933,0.00029018256253475114,0.0013193340440836817,0.0017293224947558753,0.0007710574872401782,0.0012263185980011684,0.00025511460392427726,0.00017867282629950487,0.0006191276703453134,0.0007410417065518662,0.00038367609233876695,0.00031188968710318135,0.0010654986758517097,0.001108404568461769,0.0023591421095337283,0.0031642823966710355,0.00019685672493185128,2.2436371658519688e-05,36.11491049276789,0.0006191276703453134,0.0,0.0
amazon_video_games,Sheaf4Rec-official,3,50,0.004465944314286259,0.0002646003320174791,0.0026744698255086307,0.00020725670646157181,0.006855605728817805,0.001082744472304536,0.0008358027505508701,0.0033927287749938597,0.0017423339396944349,0.0014898805651434495,0.0032893602189248417,0.0036569347135332973,0.010409543347769926,0.01591824329458248,0.010622067317030305,0.015359724381531444,0.0030901778466533836,0.0022350749022212383,0.007646872682083924,0.009140109543179538,0.004787134024101078,0.003902304673437045,0.011921124253701185,0.012725656191992687,0.029186037930780017,0.04093793815954542,0.09929441769296925,0.011316892830290545,449.19110464300803,0.007646872682083924,50.0,3.0,0.0003099781155253237,5.66053659514905e-05,3.301068915162748e-05,0.000157654194049557,8.843481017239545e-05,5.88158807459722e-05,0.0006186567033245774,0.0005906129553668734,0.0007228287208586138,0.0005291538742186809,0.00015530048884720995,0.0007164369659682327,0.00011072368155946916,0.00010340396581500444,0.00040536561265816566,0.0005078043606332348,0.00014776646940188018,0.00018072492411105553,0.0011334427611419092,0.0011631206521089516,0.0009086864700778359,0.0018358201162510335,0.00026999576555962836,3.077225502161284e-05,17.993765890805186,0.00040536561265816566,0.0,0.0
amazon_video_games,Sheaf4Rec-official,4,50,0.005182594710923378,0.0008055947945436335,0.0032426114339353302,0.0005313685636206172,0.008083177947172396,0.0012195121951219512,0.0009744700250740825,0.004133408027294192,0.0019735776237742,0.0017392163524641644,0.004155254280624693,0.004598131419667713,0.011815211610060024,0.018235696375655346,0.0113471878354075,0.016634291325915044,0.0033816692495018817,0.002460150542395395,0.008312913223670613,0.009977696814220264,0.005210167652306915,0.004286355112315653,0.01350087792970237,0.014409201727006035,0.0317504243229282,0.04495978156593609,0.09950540403951891,0.011340939598759849,448.82125955232186,0.008312913223670613,50.0,4.0,0.0005097881358541488,0.00013958797257711294,4.9021684904505517e-05,0.0004538045762585368,0.0002411335059679957,8.975117225739533e-05,0.0006356049774528469,0.0005949426492830345,0.001731824530057211,0.001209762429001645,0.0009808632560020518,0.0010409141274088144,0.00023376922827034397,0.00014413124492645578,0.0005707869919885778,0.0005847028327015887,0.0003808593626156631,0.00025332456977991604,0.0005541497342737891,0.0005369250656174396,0.001874349569351158,0.002113014496988704,0.0004437753610901098,5.057845464897578e-05,18.384406887448055,0.0005707869919885778,0.0,0.0
amazon_video_games,Sheaf4Rec-official,5,50,0.004495525559133055,0.0002818965555787862,0.002871323784757039,0.0002061670229635875,0.007217587250408446,0.0010941417825393207,0.0008396018539624648,0.0036608015023700236,0.0017595517927953893,0.0015042054831433782,0.003912986059099576,0.0042742016282393104,0.01056150748423372,0.01588025226046653,0.010476096514114167,0.016329414377590615,0.00302929673086857,0.0023236292524536936,0.007710237959397852,0.00951429535236297,0.004698581567562495,0.004067963312426876,0.012461425853887665,0.013409237507394213,0.028761715002582833,0.042819718101985094,0.09910382966821392,0.011295170921838835,464.5302174743459,0.007710237959397852,50.0,5.0,0.0007592288052498729,7.950934403334225e-05,8.196736194206902e-05,0.00035556965964989983,0.00012227283751745996,0.0001479874999960342,0.0002868586807055567,0.0003427156606749549,0.0006859459799888991,0.0015072437067758797,0.0005426939151079566,0.0011035732111385733,0.0001983398627901226,0.00020411186103739068,0.0004985729996976704,0.0007062741730811773,0.00028615616528783266,0.0003460704999778186,0.0011028358107054083,0.0012264632329549833,0.001774159143999899,0.00354515147411407,0.0002959058840209172,3.3725311604845354e-05,3.5491512998077788,0.0004985729996976704,0.0,0.0
amazon_video_games,Sheaf4Rec-official,6,50,0.00490885635049807,0.00013949343223749325,0.0031914853618414687,0.00011282624288967107,0.0071363632169063095,0.0011511283337132438,0.0008585973710204392,0.003871474868676746,0.0018647958847424096,0.0015326202951794782,0.004244427680146851,0.00461940373579021,0.0111693640300889,0.016602081908669554,0.01021325962084101,0.015066254926286762,0.002946277027525644,0.002219393402700908,0.007615247664668895,0.009180332782217917,0.004573182343004988,0.003868833250626711,0.012510835023011249,0.013413584879425825,0.02828204560549037,0.04110397756623128,0.09906728928520654,0.011291006301026503,423.5104024783553,0.007615247664668895,50.0,6.0,0.0005458042545259957,5.660536595149063e-05,3.789593751094143e-05,0.00020354921717454243,8.411532222450668e-05,7.283483225825472e-05,0.0002636881099699532,0.00027516399085780735,0.0005811510728963746,0.0008340740977167444,0.0003706564739266126,0.0010447670219755113,0.000131699271622572,0.00015462381054570507,0.00032369124296988784,0.0004876434722611835,0.00019546047972867465,0.0002691656830032478,0.0006974004098158089,0.0007380780202328378,0.001400896281202098,0.002804827894217993,6.440017269900658e-05,7.339887474243833e-06,0.3823337080994547,0.00032369124296988784,0.0,0.0
amazon_video_games,Sheaf4Rec-official,8,50,0.004590787423185132,0.0003585999529211036,0.0029717455270468645,0.00016263897459648205,0.006867991830982873,0.0010333561279538027,0.0007997112681407188,0.0036713835850811683,0.0016868305282055874,0.0014324894017238032,0.003763011929184712,0.004116164802810401,0.009953650938378543,0.01500645847579971,0.010294185120022165,0.015054510645753768,0.00303298649546159,0.0022203158438491625,0.0077048387018103645,0.0092065751527401,0.004684442120048435,0.0038694245520251593,0.012465664690592739,0.013307955091199898,0.028355840897350746,0.040458268762452954,0.0992569843462358,0.011312626435632071,552.1698268380133,0.0077048387018103645,50.0,8.0,0.0006841515371909845,7.579187502188287e-05,0.00010292695983697345,0.00026466655910774696,0.00012436801513948965,0.00018003650744626194,0.00029820935829167933,0.000306029428621363,0.0005685977337244798,0.0017566488901598503,0.0009742806267804536,0.0013395553009157434,0.00033339835735626854,0.00024262481889505047,0.0006129995237990836,0.0007361638674062621,0.000495408239274104,0.00041179061901465777,0.0010388300484933863,0.0010996452793422594,0.003068056454281958,0.004055301405093494,0.0002237737005566102,2.5504182876294483e-05,79.34791771724353,0.0006129995237990836,0.0,0.0
